Label,Element,Average,STD,Aa,Bb,A,B,Ar,Br,R,C,b,Cr
70340,Ag 328.068,,,,,,,,,,,,
70340,Al 308.215,3466.85,252.9320956304279,3288.0,3645.7,3288.0,3645.7,,,,,3645.7,
70340,As 188.980,,,,,,,,,,,,
70340,As 193.696,16.185,7.672108575874041,10.76,21.61,10.76,21.61,,,,,21.61,
70340,B 249.772,9.12,0.8202438661763952,8.54,9.7,8.54,9.7,,,,,9.7,
70340,Ca 422.673,4172.925,247.84799787369693,3997.67,4348.18,3997.67,4348.18,,,,,4348.18,
70340,Ca 430.253,4423.645,276.04741630741654,4228.45,4618.84,4228.45,4618.84,,,,,4618.84,
70340,Ca 643.907,,,,,,,,,,,,
70340,Cd 214.439,0.30999999999999994,0.5374011537017761,-0.07,0.69,-0.07,0.69,,,,,0.69,
70340,Co 231.497,10.094999999999999,0.035355339059326626,10.07,10.12,10.07,10.12,,,,,10.12,
70340,Co 258.033,0.45499999999999996,0.3323401871576773,0.69,0.22,0.69,0.22,,,,,0.22,
70340,Cr 266.602,7.045,3.019345955666558,4.91,9.18,4.91,9.18,,,,,9.18,
70340,Cr 267.716,15.059999999999999,1.0040916292848974,14.35,15.77,14.35,15.77,,,,,15.77,
70340,Cr 357.868,15.55,6.434671708797584,20.1,11.0,20.1,11.0,,,,,11.0,
70340,Cu 324.754,15.190000000000001,2.503158005400379,13.42,16.96,13.42,16.96,,,,,16.96,
70340,Cu 327.395,17.384999999999998,1.6758430714121184,16.2,18.57,16.2,18.57,,,,,18.57,
70340,Fe 238.204,2768.52,139.97885840368897,2669.54,2867.5,2669.54,2867.5,,,,,2867.5,
70340,Hg 184.887,,,,,,,,,,,,
70340,Hg 194.164,3.095,0.14849242404917495,2.99,3.2,2.99,3.2,,,,,3.2,
70340,K 766.491,1339.38,51.10967814416364,1303.24,1375.52,1303.24,1375.52,,,,,1375.52,
70340,Mg 279.553,817.4,51.053109601668766,781.3,853.5,781.3,853.5,,,,,853.5,
70340,Mg 285.213,800.35,51.8309270609739,763.7,837.0,763.7,837.0,,,,,837.0,
70340,Mg 383.230,,,,,,,,,,,,
70340,Mn 257.610,27.295,1.8031222920256966,26.02,28.57,26.02,28.57,,,,,28.57,
70340,Mn 346.032,,,,,,,,,,,,
70340,Mo 202.032,-1.93,0.04242640687119289,-1.96,-1.9,-1.96,-1.9,,,,,-1.9,
70340,Mo 204.598,6.205,0.5727564927611039,5.8,6.61,5.8,6.61,,,,,6.61,
70340,Mo 313.259,2.6500000000000004,1.9516147160748714,1.27,4.03,1.27,4.03,,,,,4.03,
70340,Na 588.995,39869.665,2593.8303079519264,38035.55,41703.78,38035.55,41703.78,,,,,41703.78,
70340,Na 589.592,40829.715,2690.0958251426678,38927.53,42731.9,38927.53,42731.9,,,,,42731.9,
70340,Ni 225.385,14.68,6.8306515062620505,9.85,19.51,9.85,19.51,,,,,19.51,
70340,Ni 227.877,-24.405,4.999244942988891,-27.94,-20.87,-27.94,-20.87,,,,,-20.87,
70340,P 213.618,1834.0900000000001,151.7451152426332,1726.79,1941.39,1726.79,1941.39,,,,,1941.39,
70340,P 215.294,,,,,,,,,,,,
70340,P 255.491,,,,,,,,,,,,
70340,Pb 220.353,8.69,3.3799704140716975,11.08,6.3,11.08,6.3,,,,,6.3,
70340,Pb 266.315,,,,,,,,,,,,
70340,Pb 363.957,,,,,,,,,,,,
70340,Sb 206.834,21.765,2.764787514439401,19.81,23.72,19.81,23.72,,,,,23.72,
70340,Si 251.611,6073.535,608.8118675338054,5643.04,6504.03,5643.04,6504.03,,,,,6504.03,
70340,Sn 189.925,11.06,1.6404877323527904,9.9,12.22,9.9,12.22,,,,,12.22,
70340,Ti 336.122,159.5,10.210621920333745,152.28,166.72,152.28,166.72,,,,,166.72,
70340,V 319.068,-2.2750000000000004,5.310371926710972,1.48,-6.03,1.48,-6.03,,,,,-6.03,
70340,Zn 213.857,24.369999999999997,7.240773439350245,19.25,29.49,19.25,29.49,,,,,29.49,
70340,Zn 472.215,,,,,,,,,,,,
,,,,,,,,,,,,,
70343,Ag 328.068,,,,,,,,,,,,
70343,Al 308.215,644.02,32.526911934581186,621.02,667.02,621.02,667.02,,,,,667.02,
70343,As 188.980,,,,,,,,,,,,
70343,As 193.696,19.305,2.3405234457274737,17.65,20.96,17.65,20.96,,,,,20.96,
70343,B 249.772,0.11,0.1131370849898476,0.19,0.03,0.19,0.03,,,,,0.03,
70343,Ca 422.673,15780.55,171.78452142146023,15659.08,15902.02,15659.08,15902.02,,,,,15902.02,
70343,Ca 430.253,16867.28,229.7955617500039,16704.79,17029.77,16704.79,17029.77,,,,,17029.77,
70343,Ca 643.907,,,,,,,,,,,,
70343,Cd 214.439,0.20500000000000002,0.06363961030678927,0.16,0.25,0.16,0.25,,,,,0.25,
70343,Co 231.497,11.76,1.03237590053236,12.49,11.03,12.49,11.03,,,,,11.03,
70343,Co 258.033,3.16,0.6363961030678927,3.61,2.71,3.61,2.71,,,,,2.71,
70343,Cr 266.602,-1.13,2.206173157302028,0.43,-2.69,0.43,-2.69,,,,,-2.69,
70343,Cr 267.716,4.005,0.5303300858899106,3.63,4.38,3.63,4.38,,,,,4.38,
70343,Cr 357.868,3.995,2.1991020894901627,2.44,5.55,2.44,5.55,,,,,5.55,
70343,Cu 324.754,6.525,0.0212132034355966,6.54,6.51,6.54,6.51,,,,,6.51,
70343,Cu 327.395,5.985,0.06363961030678918,6.03,5.94,6.03,5.94,,,,,5.94,
70343,Fe 238.204,569.3499999999999,7.33976838871636,564.16,574.54,564.16,574.54,,,,,574.54,
70343,Hg 184.887,,,,,,,,,,,,
70343,Hg 194.164,2.975,0.14849242404917495,3.08,2.87,3.08,2.87,,,,,2.87,
70343,K 766.491,1098.705,49.9995204977008,1134.06,1063.35,1134.06,1063.35,,,,,1063.35,
70343,Mg 279.553,4725.6900000000005,269.73295275142044,4916.42,4534.96,4916.42,4534.96,,,,,4534.96,
70343,Mg 285.213,4768.4,298.8233257294346,4979.7,4557.1,4979.7,4557.1,,,,,4557.1,
70343,Mg 383.230,,,,,,,,,,,,
70343,Mn 257.610,270.9,16.150318882300727,282.32,259.48,282.32,259.48,,,,,259.48,
70343,Mn 346.032,,,,,,,,,,,,
70343,Mo 202.032,-0.6799999999999999,0.014142135623730885,-0.67,-0.69,-0.67,-0.69,,,,,-0.69,
70343,Mo 204.598,3.245,2.3970919882223964,4.94,1.55,4.94,1.55,,,,,1.55,
70343,Mo 313.259,4.375,2.0152543263816605,2.95,5.8,2.95,5.8,,,,,5.8,
70343,Na 588.995,374.02,6.3498188950552095,378.51,369.53,378.51,369.53,,,,,369.53,
70343,Na 589.592,648.63,5.444722215136448,652.48,644.78,652.48,644.78,,,,,644.78,
70343,Ni 225.385,8.625,0.40305086527633227,8.34,8.91,8.34,8.91,,,,,8.91,
70343,Ni 227.877,-13.379999999999999,6.137686860699232,-17.72,-9.04,-17.72,-9.04,,,,,-9.04,
70343,P 213.618,776.255,13.625947673464758,766.62,785.89,766.62,785.89,,,,,785.89,
70343,P 215.294,,,,,,,,,,,,
70343,P 255.491,,,,,,,,,,,,
70343,Pb 220.353,-1.15,3.9173715677734733,1.62,-3.92,1.62,-3.92,,,,,-3.92,
70343,Pb 266.315,,,,,,,,,,,,
70343,Pb 363.957,,,,,,,,,,,,
70343,Sb 206.834,11.694999999999999,10.090413767532032,18.83,4.56,18.83,4.56,,,,,4.56,
70343,Si 251.611,2253.89,61.22130511513124,2210.6,2297.18,2210.6,2297.18,,,,,2297.18,
70343,Sn 189.925,-9.7,6.9579307268756265,-14.62,-4.78,-14.62,-4.78,,,,,-4.78,
70343,Ti 336.122,32.445,2.029396462005392,31.01,33.88,31.01,33.88,,,,,33.88,
70343,V 319.068,1.49,1.2020815280171306,0.64,2.34,0.64,2.34,,,,,2.34,
70343,Zn 213.857,36.11,0.08485281374238891,36.05,36.17,36.05,36.17,,,,,36.17,
70343,Zn 472.215,,,,,,,,,,,,
,,,,,,,,,,,,,
70351,Ag 328.068,,,,,,,,,,,,
70351,Al 308.215,9196.955,227.8227338304928,9035.86,9358.05,9035.86,9358.05,,,,,9358.05,
70351,As 188.980,,,,,,,,,,,,
70351,As 193.696,21.535,3.104198769408944,19.34,23.73,19.34,23.73,,,,,23.73,
70351,B 249.772,21.355,0.8555992052357231,20.75,21.96,20.75,21.96,,,,,21.96,
70351,Ca 422.673,21119.199999999997,75.1654508401295,21066.05,21172.35,21066.05,21172.35,,,,,21172.35,
70351,Ca 430.253,22344.809999999998,92.91383104791079,22279.11,22410.51,22279.11,22410.51,,,,,22410.51,
70351,Ca 643.907,,,,,,,,,,,,
70351,Cd 214.439,-0.34,0.16970562748477142,-0.22,-0.46,-0.22,-0.46,,,,,-0.46,
70351,Co 231.497,14.525,3.245620125646253,12.23,16.82,12.23,16.82,,,,,16.82,
70351,Co 258.033,3.81,0.21213203435596414,3.96,3.66,3.96,3.66,,,,,3.66,
70351,Cr 266.602,27.189999999999998,0.3959797974644657,26.91,27.47,26.91,27.47,,,,,27.47,
70351,Cr 267.716,34.305,0.8555992052357181,33.7,34.91,33.7,34.91,,,,,34.91,
70351,Cr 357.868,33.84,0.3535533905932738,33.59,34.09,33.59,34.09,,,,,34.09,
70351,Cu 324.754,10.309999999999999,1.0040916292848974,11.02,9.6,11.02,9.6,,,,,9.6,
70351,Cu 327.395,12.875,0.33234018715767655,12.64,13.11,12.64,13.11,,,,,13.11,
70351,Fe 238.204,8122.3099999999995,153.6825878230837,8013.64,8230.98,8013.64,8230.98,,,,,8230.98,
70351,Hg 184.887,,,,,,,,,,,,
70351,Hg 194.164,0.8300000000000001,1.7960512242138307,-0.44,2.1,-0.44,2.1,,,,,2.1,
70351,K 766.491,3107.355,24.868945494330926,3089.77,3124.94,3089.77,3124.94,,,,,3124.94,
70351,Mg 279.553,2630.5,39.3151370339723,2602.7,2658.3,2602.7,2658.3,,,,,2658.3,
70351,Mg 285.213,2621.135,31.940013306196082,2598.55,2643.72,2598.55,2643.72,,,,,2643.72,
70351,Mg 383.230,,,,,,,,,,,,
70351,Mn 257.610,93.33500000000001,1.9021172413918213,91.99,94.68,91.99,94.68,,,,,94.68,
70351,Mn 346.032,,,,,,,,,,,,
70351,Mo 202.032,-1.3050000000000002,0.0777817459305203,-1.36,-1.25,-1.36,-1.25,,,,,-1.25,
70351,Mo 204.598,7.385,1.831406563273158,8.68,6.09,8.68,6.09,,,,,6.09,
70351,Mo 313.259,10.925,2.496086937588512,9.16,12.69,9.16,12.69,,,,,12.69,
70351,Na 588.995,6034.92,37.9150656072226,6008.11,6061.73,6008.11,6061.73,,,,,6061.73,
70351,Na 589.592,6243.36,41.83243717499605,6213.78,6272.94,6213.78,6272.94,,,,,6272.94,
70351,Ni 225.385,19.3,3.790092347159894,21.98,16.62,21.98,16.62,,,,,16.62,
70351,Ni 227.877,5.095,17.826161953712862,-7.51,17.7,-7.51,17.7,,,,,17.7,
70351,P 213.618,1309.9650000000001,20.400030637231993,1295.54,1324.39,1295.54,1324.39,,,,,1324.39,
70351,P 215.294,,,,,,,,,,,,
70351,P 255.491,,,,,,,,,,,,
70351,Pb 220.353,3.1550000000000002,0.7566042558696058,2.62,3.69,2.62,3.69,,,,,3.69,
70351,Pb 266.315,,,,,,,,,,,,
70351,Pb 363.957,,,,,,,,,,,,
70351,Sb 206.834,15.515,2.5102290732122428,13.74,17.29,13.74,17.29,,,,,17.29,
70351,Si 251.611,5110.610000000001,183.63563107414626,4980.76,5240.46,4980.76,5240.46,,,,,5240.46,
70351,Sn 189.925,12.604999999999999,7.488260812765537,17.9,7.31,17.9,7.31,,,,,7.31,
70351,Ti 336.122,545.675,16.114963543241473,534.28,557.07,534.28,557.07,,,,,557.07,
70351,V 319.068,4.0,1.1455129855222068,3.19,4.81,3.19,4.81,,,,,4.81,
70351,Zn 213.857,86.41999999999999,8.032733034279179,92.1,80.74,92.1,80.74,,,,,80.74,
70351,Zn 472.215,,,,,,,,,,,,
,,,,,,,,,,,,,
36586,Ag 328.068,,,,,,,,,,,,
36586,Al 308.215,7370.615,775.9294841994341,6821.95,7919.28,6821.95,7919.28,,,,,7919.28,
36586,As 188.980,,,,,,,,,,,,
36586,As 193.696,10.620000000000001,6.293250352560273,6.17,15.07,6.17,15.07,,,,,15.07,
36586,B 249.772,40.04,0.848528137423859,40.64,39.44,40.64,39.44,,,,,39.44,
36586,Ca 422.673,62897.869999999995,4139.756650456637,59970.62,65825.12,59970.62,65825.12,,,,,65825.12,
36586,Ca 430.253,66932.845,4077.8211674925155,64049.39,69816.3,64049.39,69816.3,,,,,69816.3,
36586,Ca 643.907,,,,,,,,,,,,
36586,Cd 214.439,0.6,0.5374011537017761,0.22,0.98,0.22,0.98,,,,,0.98,
36586,Co 231.497,13.545000000000002,3.995153313703994,10.72,16.37,10.72,16.37,,,,,16.37,
36586,Co 258.033,3.735,0.06363961030678918,3.78,3.69,3.78,3.69,,,,,3.69,
36586,Cr 266.602,41.875,1.2657211383239246,40.98,42.77,40.98,42.77,,,,,42.77,
36586,Cr 267.716,45.22,5.303300858899107,41.47,48.97,41.47,48.97,,,,,48.97,
36586,Cr 357.868,51.239999999999995,6.590235200658623,46.58,55.9,46.58,55.9,,,,,55.9,
36586,Cu 324.754,57.739999999999995,3.0547012947258856,55.58,59.9,55.58,59.9,,,,,59.9,
36586,Cu 327.395,57.295,2.5950818869546306,55.46,59.13,55.46,59.13,,,,,59.13,
36586,Fe 238.204,13785.195,957.132667946299,13108.4,14461.99,13108.4,14461.99,,,,,14461.99,
36586,Hg 184.887,,,,,,,,,,,,
36586,Hg 194.164,1.24,1.5697770542341354,0.13,2.35,0.13,2.35,,,,,2.35,
36586,K 766.491,39474.075,2901.7894532942946,37422.2,41525.95,37422.2,41525.95,,,,,41525.95,
36586,Mg 279.553,4877.63,288.669272351596,4673.51,5081.75,4673.51,5081.75,,,,,5081.75,
36586,Mg 285.213,4928.25,261.91235175149694,4743.05,5113.45,4743.05,5113.45,,,,,5113.45,
36586,Mg 383.230,,,,,,,,,,,,
36586,Mn 257.610,412.82500000000005,20.739441892201427,398.16,427.49,398.16,427.49,,,,,427.49,
36586,Mn 346.032,,,,,,,,,,,,
36586,Mo 202.032,6.8100000000000005,1.04651803615609,6.07,7.55,6.07,7.55,,,,,7.55,
36586,Mo 204.598,13.775,4.2072853480599575,10.8,16.75,10.8,16.75,,,,,16.75,
36586,Mo 313.259,21.315,2.7789296500631315,23.28,19.35,23.28,19.35,,,,,19.35,
36586,Na 588.995,33364.134999999995,2233.389697309897,31784.89,34943.38,31784.89,34943.38,,,,,34943.38,
36586,Na 589.592,34345.935,2465.71670133655,32602.41,36089.46,32602.41,36089.46,,,,,36089.46,
36586,Ni 225.385,58.945,3.5426049737446066,56.44,61.45,56.44,61.45,,,,,61.45,
36586,Ni 227.877,34.24,4.299209229614211,37.28,31.2,37.28,31.2,,,,,31.2,
36586,P 213.618,14677.82,767.734116605482,14134.95,15220.69,14134.95,15220.69,,,,,15220.69,
36586,P 215.294,,,,,,,,,,,,
36586,P 255.491,,,,,,,,,,,,
36586,Pb 220.353,26.04,3.6203867196751243,28.6,23.48,28.6,23.48,,,,,23.48,
36586,Pb 266.315,,,,,,,,,,,,
36586,Pb 363.957,,,,,,,,,,,,
36586,Sb 206.834,1.0699999999999998,6.462955980045044,5.64,-3.5,5.64,-3.5,,,,,-3.5,
36586,Si 251.611,7702.105,623.4489779043668,8142.95,7261.26,8142.95,7261.26,,,,,7261.26,
36586,Sn 189.925,9.98,3.6203867196751225,12.54,7.42,12.54,7.42,,,,,7.42,
36586,Ti 336.122,254.595,38.869659761824494,227.11,282.08,227.11,282.08,,,,,282.08,
36586,V 319.068,60.11,2.276883835420682,61.72,58.5,61.72,58.5,,,,,58.5,
36586,Zn 213.857,278.83000000000004,11.808683245815336,270.48,287.18,270.48,287.18,,,,,287.18,
36586,Zn 472.215,,,,,,,,,,,,
,,,,,,,,,,,,,
36587,Ag 328.068,,,,,,,,,,,,
36587,Al 308.215,1.0350000000000001,0.09192388155425125,0.97,1.1,0.97,1.1,,,,,1.1,
36587,As 188.980,,,,,,,,,,,,
36587,As 193.696,0.045,0.021213203435596427,0.03,0.06,0.03,0.06,,,,,0.06,
36587,B 249.772,0.0,0.0,0.0,0.0,0.0,0.0,,,,,0.0,
36587,Ca 422.673,662.3,5.713422791987333,666.34,658.26,666.34,658.26,,,,,658.26,
36587,Ca 430.253,721.565,13.710800487207147,731.26,711.87,731.26,711.87,,,,,711.87,
36587,Ca 643.907,,,,,,,,,,,,
36587,Cd 214.439,0.0,0.0,0.0,0.0,0.0,0.0,,,,,0.0,
36587,Co 231.497,0.01,0.0,0.01,0.01,0.01,0.01,,,,,0.01,
36587,Co 258.033,0.0,0.0,0.0,0.0,0.0,0.0,,,,,0.0,
36587,Cr 266.602,0.03,0.0,0.03,0.03,0.03,0.03,,,,,0.03,
36587,Cr 267.716,0.035,0.007071067811865477,0.03,0.04,0.03,0.04,,,,,0.04,
36587,Cr 357.868,0.09,0.0,0.09,0.09,0.09,0.09,,,,,0.09,
36587,Cu 324.754,0.035,0.007071067811865477,0.03,0.04,0.03,0.04,,,,,0.04,
36587,Cu 327.395,0.02,0.0,0.02,0.02,0.02,0.02,,,,,0.02,
36587,Fe 238.204,2.295,0.14849242404917495,2.19,2.4,2.19,2.4,,,,,2.4,
36587,Hg 184.887,,,,,,,,,,,,
36587,Hg 194.164,0.0,0.0,0.0,0.0,0.0,0.0,,,,,0.0,
36587,K 766.491,8.91,0.0,8.91,8.91,8.91,8.91,,,,,8.91,
36587,Mg 279.553,8.055,0.09192388155425048,8.12,7.99,8.12,7.99,,,,,7.99,
36587,Mg 285.213,8.32,0.141421356237309,8.42,8.22,8.42,8.22,,,,,8.22,
36587,Mg 383.230,,,,,,,,,,,,
36587,Mn 257.610,0.11,0.0,0.11,0.11,0.11,0.11,,,,,0.11,
36587,Mn 346.032,,,,,,,,,,,,
36587,Mo 202.032,0.04,0.0,0.04,0.04,0.04,0.04,,,,,0.04,
36587,Mo 204.598,0.04,0.0,0.04,0.04,0.04,0.04,,,,,0.04,
36587,Mo 313.259,0.07500000000000001,0.007071067811865472,0.08,0.07,0.08,0.07,,,,,0.07,
36587,Na 588.995,11.715,0.13435028842544494,11.81,11.62,11.81,11.62,,,,,11.62,
36587,Na 589.592,11.915,0.12020815280171303,12.0,11.83,12.0,11.83,,,,,11.83,
36587,Ni 225.385,0.03,0.0,0.03,0.03,0.03,0.03,,,,,0.03,
36587,Ni 227.877,0.02,0.0282842712474619,0.0,0.04,0.0,0.04,,,,,0.04,
36587,P 213.618,270.735,5.395224740453354,274.55,266.92,274.55,266.92,,,,,266.92,
36587,P 215.294,,,,,,,,,,,,
36587,P 255.491,,,,,,,,,,,,
36587,Pb 220.353,-0.005,0.007071067811865475,0.0,-0.01,0.0,-0.01,,,,,-0.01,
36587,Pb 266.315,,,,,,,,,,,,
36587,Pb 363.957,,,,,,,,,,,,
36587,Sb 206.834,0.02,0.0,0.02,0.02,0.02,0.02,,,,,0.02,
36587,Si 251.611,0.6000000000000001,0.056568542494923775,0.56,0.64,0.56,0.64,,,,,0.64,
36587,Sn 189.925,0.05,0.042426406871192854,0.02,0.08,0.02,0.08,,,,,0.08,
36587,Ti 336.122,0.015,0.007071067811865475,0.01,0.02,0.01,0.02,,,,,0.02,
36587,V 319.068,0.0,0.0,0.0,0.0,0.0,0.0,,,,,0.0,
36587,Zn 213.857,0.16,0.0,0.16,0.16,0.16,0.16,,,,,0.16,
36587,Zn 472.215,,,,,,,,,,,,
,,,,,,,,,,,,,
36592,Ag 328.068,,,,,,,,,,,,
36592,Al 308.215,408.03,126.61454023926319,,,318.5,497.56,,,,,,
36592,As 188.980,,,,,,,,,,,,
36592,As 193.696,8.149999999999999,3.8466608896548182,,,5.43,10.87,,,,,,
36592,B 249.772,1.9849999999999999,0.2899137802864844,,,2.19,1.78,,,,,,
36592,Ca 422.673,110458.56,13026.23627020484,,,101247.62,119669.5,,,,,,
36592,Ca 430.253,119522.48999999999,13690.973213062689,,,109841.51,129203.47,,,,,,
36592,Ca 643.907,,,,,,,,,,,,
36592,Cd 214.439,-0.035,0.06363961030678927,,,0.01,-0.08,,,,,,
36592,Co 231.497,1.99,2.276883835420683,,,0.38,3.6,,,,,,
36592,Co 258.033,1.505,0.5727564927611034,,,1.1,1.91,,,,,,
36592,Cr 266.602,7.79,0.141421356237309,,,7.89,7.69,,,,,,
36592,Cr 267.716,9.629999999999999,1.0182337649086282,,,8.91,10.35,,,,,,
36592,Cr 357.868,17.759999999999998,1.7819090885900994,,,16.5,19.02,,,,,,
36592,Cu 324.754,8.29,1.1596551211459376,,,7.47,9.11,,,,,,
36592,Cu 327.395,6.045,0.9545941546018389,,,5.37,6.72,,,,,,
36592,Fe 238.204,692.595,85.75083935449261,,,631.96,753.23,,,,,,
36592,Hg 184.887,,,,,,,,,,,,
36592,Hg 194.164,0.12499999999999997,0.8131727983645296,,,0.7,-0.45,,,,,,
36592,K 766.491,2763.9449999999997,320.8921283702671,,,2537.04,2990.85,,,,,,
36592,Mg 279.553,1432.565,172.08857733737,,,1310.88,1554.25,,,,,,
36592,Mg 285.213,1480.555,178.4242540968015,,,1354.39,1606.72,,,,,,
36592,Mg 383.230,,,,,,,,,,,,
36592,Mn 257.610,21.525,2.3970919882223964,,,19.83,23.22,,,,,,
36592,Mn 346.032,,,,,,,,,,,,
36592,Mo 202.032,12.965,0.9545941546018402,,,12.29,13.64,,,,,,
36592,Mo 204.598,11.09,0.5091168824543134,,,10.73,11.45,,,,,,
36592,Mo 313.259,18.54,0.4666904755831215,,,18.87,18.21,,,,,,
36592,Na 588.995,3217.3100000000004,371.9805933109951,,,2954.28,3480.34,,,,,,
36592,Na 589.592,3258.825,371.2805575976206,,,2996.29,3521.36,,,,,,
36592,Ni 225.385,10.61,1.5980613254815972,,,11.74,9.48,,,,,,
36592,Ni 227.877,6.835,4.6174072811481555,,,10.1,3.57,,,,,,
36592,P 213.618,44924.46,5372.229627929169,,,41125.72,48723.2,,,,,,
36592,P 215.294,,,,,,,,,,,,
36592,P 255.491,,,,,,,,,,,,
36592,Pb 220.353,-0.235,0.007071067811865462,,,-0.24,-0.23,,,,,,
36592,Pb 266.315,,,,,,,,,,,,
36592,Pb 363.957,,,,,,,,,,,,
36592,Sb 206.834,3.4,3.2809754647055804,,,5.72,1.08,,,,,,
36592,Si 251.611,345.69,194.56750191129038,,,208.11,483.27,,,,,,
36592,Sn 189.925,8.965,2.2698127676088173,,,7.36,10.57,,,,,,
36592,Ti 336.122,8.71,6.717514421272202,,,3.96,13.46,,,,,,
36592,V 319.068,1.045,0.5586143571373725,,,0.65,1.44,,,,,,
36592,Zn 213.857,158.85999999999999,58.37873585476135,,,117.58,200.14,,,,,,
36592,Zn 472.215,,,,,,,,,,,,
,,,,,,,,,,,,,
36593,Ag 328.068,,,,,,,,,,,,
36593,Al 308.215,455.84000000000003,0.5374011537018099,,,455.46,456.22,,,,,,
36593,As 188.980,,,,,,,,,,,,
36593,As 193.696,3.375,2.0576807332528535,,,4.83,1.92,,,,,,
36593,B 249.772,0.6799999999999999,0.014142135623730885,,,0.69,0.67,,,,,,
36593,Ca 422.673,11827.315,461.57809355514297,,,11500.93,12153.7,,,,,,
36593,Ca 430.253,12581.965,467.57435905960455,,,12251.34,12912.59,,,,,,
36593,Ca 643.907,,,,,,,,,,,,
36593,Cd 214.439,0.02,0.01414213562373095,,,0.01,0.03,,,,,,
36593,Co 231.497,2.295,0.8838834764831844,,,1.67,2.92,,,,,,
36593,Co 258.033,0.27,0.07071067811865477,,,0.22,0.32,,,,,,
36593,Cr 266.602,3.32,0.3252691193458118,,,3.09,3.55,,,,,,
36593,Cr 267.716,4.235,0.28991378028648457,,,4.03,4.44,,,,,,
36593,Cr 357.868,5.3,0.16970562748477155,,,5.18,5.42,,,,,,
36593,Cu 324.754,6.07,0.2828427124746186,,,5.87,6.27,,,,,,
36593,Cu 327.395,5.609999999999999,0.3111269837220812,,,5.39,5.83,,,,,,
36593,Fe 238.204,547.01,30.80157138848597,,,525.23,568.79,,,,,,
36593,Hg 184.887,,,,,,,,,,,,
36593,Hg 194.164,0.49,0.2262741699796952,,,0.33,0.65,,,,,,
36593,K 766.491,2053.82,78.05044650737119,,,1998.63,2109.01,,,,,,
36593,Mg 279.553,358.93,14.863384540541217,,,348.42,369.44,,,,,,
36593,Mg 285.213,363.04499999999996,15.407856762054884,,,352.15,373.94,,,,,,
36593,Mg 383.230,,,,,,,,,,,,
36593,Mn 257.610,6.245,0.5303300858899106,,,5.87,6.62,,,,,,
36593,Mn 346.032,,,,,,,,,,,,
36593,Mo 202.032,13.16,0.7212489168102781,,,12.65,13.67,,,,,,
36593,Mo 204.598,10.905,0.657609306503489,,,10.44,11.37,,,,,,
36593,Mo 313.259,13.265,1.0394469683442253,,,12.53,14.0,,,,,,
36593,Na 588.995,1276.2399999999998,51.095536008539916,,,1240.11,1312.37,,,,,,
36593,Na 589.592,1288.125,51.159175618846646,,,1251.95,1324.3,,,,,,
36593,Ni 225.385,4.625,0.34648232278140845,,,4.38,4.87,,,,,,
36593,Ni 227.877,2.43,2.6870057685088806,,,0.53,4.33,,,,,,
36593,P 213.618,5176.8150000000005,224.6124690439072,,,5017.99,5335.64,,,,,,
36593,P 215.294,,,,,,,,,,,,
36593,P 255.491,,,,,,,,,,,,
36593,Pb 220.353,0.49,0.14142135623730948,,,0.59,0.39,,,,,,
36593,Pb 266.315,,,,,,,,,,,,
36593,Pb 363.957,,,,,,,,,,,,
36593,Sb 206.834,2.955,2.1991020894901627,,,1.4,4.51,,,,,,
36593,Si 251.611,224.355,35.659394975237596,,,249.57,199.14,,,,,,
36593,Sn 189.925,1.085,1.6617009357883865,,,-0.09,2.26,,,,,,
36593,Ti 336.122,5.84,1.866761902332486,,,7.16,4.52,,,,,,
36593,V 319.068,2.265,0.28991378028648457,,,2.06,2.47,,,,,,
36593,Zn 213.857,38.765,12.169307704220481,,,47.37,30.16,,,,,,
36593,Zn 472.215,,,,,,,,,,,,
,,,,,,,,,,,,,
36594,Ag 328.068,,,,,,,,,,,,
36594,Al 308.215,0.6950000000000001,0.09192388155425117,,,0.76,0.63,,,,,,
36594,As 188.980,,,,,,,,,,,,
36594,As 193.696,-0.02,0.01414213562373095,,,-0.03,-0.01,,,,,,
36594,B 249.772,0.0,0.0,,,0.0,0.0,,,,,,
36594,Ca 422.673,310.78,0.848528137423849,,,311.38,310.18,,,,,,
36594,Ca 430.253,330.27,0.22627416997969038,,,330.43,330.11,,,,,,
36594,Ca 643.907,,,,,,,,,,,,
36594,Cd 214.439,0.0,0.0,,,0.0,0.0,,,,,,
36594,Co 231.497,0.175,0.06363961030678927,,,0.13,0.22,,,,,,
36594,Co 258.033,0.025,0.07778174593052023,,,0.08,-0.03,,,,,,
36594,Cr 266.602,-0.03,0.042426406871192854,,,-0.06,0.0,,,,,,
36594,Cr 267.716,0.03,0.0,,,0.03,0.03,,,,,,
36594,Cr 357.868,0.055,0.10606601717798214,,,-0.02,0.13,,,,,,
36594,Cu 324.754,0.01,0.01414213562373095,,,0.0,0.02,,,,,,
36594,Cu 327.395,0.02,0.01414213562373095,,,0.03,0.01,,,,,,
36594,Fe 238.204,0.395,0.007071067811865481,,,0.4,0.39,,,,,,
36594,Hg 184.887,,,,,,,,,,,,
36594,Hg 194.164,-0.06,0.0282842712474619,,,-0.08,-0.04,,,,,,
36594,K 766.491,1419.19,4.285067093990439,,,1416.16,1422.22,,,,,,
36594,Mg 279.553,60.144999999999996,0.0070710678118640685,,,60.14,60.15,,,,,,
36594,Mg 285.213,60.25,0.09899494936611705,,,60.32,60.18,,,,,,
36594,Mg 383.230,,,,,,,,,,,,
36594,Mn 257.610,0.015,0.007071067811865475,,,0.02,0.01,,,,,,
36594,Mn 346.032,,,,,,,,,,,,
36594,Mo 202.032,0.02,0.0282842712474619,,,0.04,0.0,,,,,,
36594,Mo 204.598,0.10500000000000001,0.03535533905932738,,,0.08,0.13,,,,,,
36594,Mo 313.259,0.04,0.014142135623730954,,,0.03,0.05,,,,,,
36594,Na 588.995,1033.845,3.273904396893792,,,1036.16,1031.53,,,,,,
36594,Na 589.592,1056.01,2.8708535316173447,,,1058.04,1053.98,,,,,,
36594,Ni 225.385,0.02,0.08485281374238571,,,-0.04,0.08,,,,,,
36594,Ni 227.877,-0.5900000000000001,0.09899494936611666,,,-0.52,-0.66,,,,,,
36594,P 213.618,81.955,0.13435028842544242,,,82.05,81.86,,,,,,
36594,P 215.294,,,,,,,,,,,,
36594,P 255.491,,,,,,,,,,,,
36594,Pb 220.353,0.09,0.08485281374238571,,,0.15,0.03,,,,,,
36594,Pb 266.315,,,,,,,,,,,,
36594,Pb 363.957,,,,,,,,,,,,
36594,Sb 206.834,0.010000000000000002,0.09899494936611666,,,0.08,-0.06,,,,,,
36594,Si 251.611,3.31,0.0,,,3.31,3.31,,,,,,
36594,Sn 189.925,0.585,0.10606601717798214,,,0.66,0.51,,,,,,
36594,Ti 336.122,0.08499999999999999,0.007071067811865472,,,0.09,0.08,,,,,,
36594,V 319.068,-0.02,0.01414213562373095,,,-0.03,-0.01,,,,,,
36594,Zn 213.857,2.5549999999999997,0.007071067811865638,,,2.55,2.56,,,,,,
36594,Zn 472.215,,,,,,,,,,,,
,,,,,,,,,,,,,
36595,Ag 328.068,,,,,,,,,,,,
36595,Al 308.215,1.605,0.06363961030678918,,,1.65,1.56,,,,,,
36595,As 188.980,,,,,,,,,,,,
36595,As 193.696,-0.015,0.06363961030678927,,,0.03,-0.06,,,,,,
36595,B 249.772,0.005,0.007071067811865475,,,0.0,0.01,,,,,,
36595,Ca 422.673,254.805,2.439518395093561,,,253.08,256.53,,,,,,
36595,Ca 430.253,268.98,1.7253405460951743,,,267.76,270.2,,,,,,
36595,Ca 643.907,,,,,,,,,,,,
36595,Cd 214.439,0.0,0.0,,,0.0,0.0,,,,,,
36595,Co 231.497,0.115,0.16263455967290594,,,0.23,0.0,,,,,,
36595,Co 258.033,-0.04,0.014142135623730954,,,-0.05,-0.03,,,,,,
36595,Cr 266.602,-0.015000000000000003,0.07778174593052024,,,0.04,-0.07,,,,,,
36595,Cr 267.716,0.055,0.007071067811865472,,,0.05,0.06,,,,,,
36595,Cr 357.868,0.0,0.01414213562373095,,,-0.01,0.01,,,,,,
36595,Cu 324.754,0.015,0.007071067811865475,,,0.02,0.01,,,,,,
36595,Cu 327.395,0.03,0.01414213562373095,,,0.04,0.02,,,,,,
36595,Fe 238.204,4.355,0.03535533905932725,,,4.33,4.38,,,,,,
36595,Hg 184.887,,,,,,,,,,,,
36595,Hg 194.164,-0.024999999999999998,0.049497474683058325,,,0.01,-0.06,,,,,,
36595,K 766.491,1277.295,12.5370032304375,,,1268.43,1286.16,,,,,,
36595,Mg 279.553,54.965,0.5727564927611001,,,54.56,55.37,,,,,,
36595,Mg 285.213,55.019999999999996,0.49497474683058024,,,54.67,55.37,,,,,,
36595,Mg 383.230,,,,,,,,,,,,
36595,Mn 257.610,0.03,0.0,,,0.03,0.03,,,,,,
36595,Mn 346.032,,,,,,,,,,,,
36595,Mo 202.032,0.04,0.0,,,0.04,0.04,,,,,,
36595,Mo 204.598,0.175,0.06363961030678927,,,0.22,0.13,,,,,,
36595,Mo 313.259,0.095,0.03535533905932737,,,0.12,0.07,,,,,,
36595,Na 588.995,1066.095,9.058037866999635,,,1059.69,1072.5,,,,,,
36595,Na 589.592,1091.54,10.507606768432186,,,1084.11,1098.97,,,,,,
36595,Ni 225.385,-0.02,0.08485281374238571,,,0.04,-0.08,,,,,,
36595,Ni 227.877,-0.475,0.007071067811865481,,,-0.47,-0.48,,,,,,
36595,P 213.618,54.815,0.23334523779155947,,,54.65,54.98,,,,,,
36595,P 215.294,,,,,,,,,,,,
36595,P 255.491,,,,,,,,,,,,
36595,Pb 220.353,0.14500000000000002,0.021213203435596427,,,0.16,0.13,,,,,,
36595,Pb 266.315,,,,,,,,,,,,
36595,Pb 363.957,,,,,,,,,,,,
36595,Sb 206.834,0.145,0.049497474683058325,,,0.18,0.11,,,,,,
36595,Si 251.611,5.1899999999999995,0.15556349186104027,,,5.08,5.3,,,,,,
36595,Sn 189.925,-0.03,0.21213203435596426,,,0.12,-0.18,,,,,,
36595,Ti 336.122,0.06,0.0,,,0.06,0.06,,,,,,
36595,V 319.068,-0.005,0.021213203435596427,,,0.01,-0.02,,,,,,
36595,Zn 213.857,0.715,0.007071067811865481,,,0.71,0.72,,,,,,
36595,Zn 472.215,,,,,,,,,,,,
,,,,,,,,,,,,,
36596,Ag 328.068,,,,,,,,,,,,
36596,Al 308.215,2.45,0.028284271247461926,,,2.43,2.47,,,,,,
36596,As 188.980,,,,,,,,,,,,
36596,As 193.696,0.185,0.13435028842544405,,,0.09,0.28,,,,,,
36596,B 249.772,0.045,0.007071067811865477,,,0.04,0.05,,,,,,
36596,Ca 422.673,413.905,0.4737615433949981,,,414.24,413.57,,,,,,
36596,Ca 430.253,437.55,0.7071067811865476,,,438.05,437.05,,,,,,
36596,Ca 643.907,,,,,,,,,,,,
36596,Cd 214.439,0.005,0.007071067811865475,,,0.01,0.0,,,,,,
36596,Co 231.497,0.21500000000000002,0.07778174593052024,,,0.27,0.16,,,,,,
36596,Co 258.033,0.01,0.0,,,0.01,0.01,,,,,,
36596,Cr 266.602,-0.04,0.0565685424949238,,,-0.08,0.0,,,,,,
36596,Cr 267.716,0.04,0.0,,,0.04,0.04,,,,,,
36596,Cr 357.868,0.035,0.10606601717798214,,,-0.04,0.11,,,,,,
36596,Cu 324.754,0.035,0.007071067811865477,,,0.03,0.04,,,,,,
36596,Cu 327.395,0.03,0.0,,,0.03,0.03,,,,,,
36596,Fe 238.204,4.73,0.028284271247461926,,,4.71,4.75,,,,,,
36596,Hg 184.887,,,,,,,,,,,,
36596,Hg 194.164,0.005000000000000001,0.04949747468305833,,,0.04,-0.03,,,,,,
36596,K 766.491,2012.135,0.049497474683174086,,,2012.1,2012.17,,,,,,
36596,Mg 279.553,84.32,0.2687005768508949,,,84.51,84.13,,,,,,
36596,Mg 285.213,85.55,0.11313708498984519,,,85.63,85.47,,,,,,
36596,Mg 383.230,,,,,,,,,,,,
36596,Mn 257.610,0.04,0.0,,,0.04,0.04,,,,,,
36596,Mn 346.032,,,,,,,,,,,,
36596,Mo 202.032,0.045,0.021213203435596427,,,0.03,0.06,,,,,,
36596,Mo 204.598,0.11,0.0,,,0.11,0.11,,,,,,
36596,Mo 313.259,0.17,0.12727922061357855,,,0.26,0.08,,,,,,
36596,Na 588.995,1558.425,8.308504678941933,,,1564.3,1552.55,,,,,,
36596,Na 589.592,1617.33,9.277240969167586,,,1623.89,1610.77,,,,,,
36596,Ni 225.385,0.125,0.13435028842544403,,,0.03,0.22,,,,,,
36596,Ni 227.877,-0.43,0.028284271247461926,,,-0.41,-0.45,,,,,,
36596,P 213.618,99.245,0.007071067811869092,,,99.25,99.24,,,,,,
36596,P 215.294,,,,,,,,,,,,
36596,P 255.491,,,,,,,,,,,,
36596,Pb 220.353,-0.005000000000000001,0.04949747468305833,,,0.03,-0.04,,,,,,
36596,Pb 266.315,,,,,,,,,,,,
36596,Pb 363.957,,,,,,,,,,,,
36596,Sb 206.834,0.195,0.16263455967290594,,,0.08,0.31,,,,,,
36596,Si 251.611,6.16,0.05656854249492385,,,6.12,6.2,,,,,,
36596,Sn 189.925,0.185,0.27577164466275356,,,-0.01,0.38,,,,,,
36596,Ti 336.122,0.08,0.0,,,0.08,0.08,,,,,,
36596,V 319.068,-0.01,0.01414213562373095,,,0.0,-0.02,,,,,,
36596,Zn 213.857,0.20500000000000002,0.007071067811865462,,,0.21,0.2,,,,,,
36596,Zn 472.215,,,,,,,,,,,,
,,,,,,,,,,,,,
70346 r,Ag 328.068,,,,,,,,,,,,
70346 r,Al 308.215,,,,,,,,,,,,
70346 r,As 188.980,,,,,,,,,,,,
70346 r,As 193.696,,,,,,,,,,,,
70346 r,B 249.772,,,,,,,,,,,,
70346 r,Ca 422.673,,,,,,,,,,,,
70346 r,Ca 430.253,,,,,,,,,,,,
70346 r,Ca 643.907,,,,,,,,,,,,
70346 r,Cd 214.439,,,,,,,,,,,,
70346 r,Co 231.497,,,,,,,,,,,,
70346 r,Co 258.033,,,,,,,,,,,,
70346 r,Cr 266.602,,,,,,,,,,,,
70346 r,Cr 267.716,,,,,,,,,,,,
70346 r,Cr 357.868,,,,,,,,,,,,
70346 r,Cu 324.754,,,,,,,,,,,,
70346 r,Cu 327.395,,,,,,,,,,,,
70346 r,Fe 238.204,,,,,,,,,,,,
70346 r,Hg 184.887,,,,,,,,,,,,
70346 r,Hg 194.164,,,,,,,,,,,,
70346 r,K 766.491,,,,,,,,,,,,
70346 r,Mg 279.553,,,,,,,,,,,,
70346 r,Mg 285.213,,,,,,,,,,,,
70346 r,Mg 383.230,,,,,,,,,,,,
70346 r,Mn 257.610,,,,,,,,,,,,
70346 r,Mn 346.032,,,,,,,,,,,,
70346 r,Mo 202.032,,,,,,,,,,,,
70346 r,Mo 204.598,,,,,,,,,,,,
70346 r,Mo 313.259,,,,,,,,,,,,
70346 r,Na 588.995,,,,,,,,,,,,
70346 r,Na 589.592,,,,,,,,,,,,
70346 r,Ni 225.385,,,,,,,,,,,,
70346 r,Ni 227.877,,,,,,,,,,,,
70346 r,P 213.618,,,,,,,,,,,,
70346 r,P 215.294,,,,,,,,,,,,
70346 r,P 255.491,,,,,,,,,,,,
70346 r,Pb 220.353,,,,,,,,,,,,
70346 r,Pb 266.315,,,,,,,,,,,,
70346 r,Pb 363.957,,,,,,,,,,,,
70346 r,Sb 206.834,,,,,,,,,,,,
70346 r,Si 251.611,,,,,,,,,,,,
70346 r,Sn 189.925,,,,,,,,,,,,
70346 r,Ti 336.122,,,,,,,,,,,,
70346 r,V 319.068,,,,,,,,,,,,
70346 r,Zn 213.857,,,,,,,,,,,,
70346 r,Zn 472.215,,,,,,,,,,,,
,,,,,,,,,,,,,
101826,Ag 328.068,,,,,,,,,,,,
101826,Al 308.215,1.82,0.5939696961967001,,,1.4,2.24,,,,,,
101826,As 188.980,,,,,,,,,,,,
101826,As 193.696,0.535,0.10606601717798211,,,0.46,0.61,,,,,,
101826,B 249.772,0.0,0.0565685424949238,,,-0.04,0.04,,,,,,
101826,Ca 422.673,3169.4049999999997,256.63026409603356,,,2987.94,3350.87,,,,,,
101826,Ca 430.253,3384.59,284.8084693263177,,,3183.2,3585.98,,,,,,
101826,Ca 643.907,,,,,,,,,,,,
101826,Cd 214.439,0.02,0.0,,,0.02,0.02,,,,,,
101826,Co 231.497,0.4,0.11313708498984758,,,0.32,0.48,,,,,,
101826,Co 258.033,0.13,0.042426406871192854,,,0.1,0.16,,,,,,
101826,Cr 266.602,0.47500000000000003,0.6293250352560273,,,0.03,0.92,,,,,,
101826,Cr 267.716,0.615,0.6858935777509512,,,0.13,1.1,,,,,,
101826,Cr 357.868,0.8500000000000001,0.6505382386916237,,,0.39,1.31,,,,,,
101826,Cu 324.754,0.18,0.05656854249492379,,,0.14,0.22,,,,,,
101826,Cu 327.395,0.125,0.04949747468305833,,,0.09,0.16,,,,,,
101826,Fe 238.204,2.625,1.3788582233137678,,,1.65,3.6,,,,,,
101826,Hg 184.887,,,,,,,,,,,,
101826,Hg 194.164,0.135,0.16263455967290594,,,0.25,0.02,,,,,,
101826,K 766.491,156.3,10.606601717798213,,,148.8,163.8,,,,,,
101826,Mg 279.553,30.555,2.382949852598666,,,28.87,32.24,,,,,,
101826,Mg 285.213,30.395,2.4819448019647803,,,28.64,32.15,,,,,,
101826,Mg 383.230,,,,,,,,,,,,
101826,Mn 257.610,0.44999999999999996,0.05656854249492382,,,0.41,0.49,,,,,,
101826,Mn 346.032,,,,,,,,,,,,
101826,Mo 202.032,-0.09,0.014142135623730954,,,-0.1,-0.08,,,,,,
101826,Mo 204.598,0.18,0.02828427124746191,,,0.2,0.16,,,,,,
101826,Mo 313.259,0.15,0.08485281374238571,,,0.21,0.09,,,,,,
101826,Na 588.995,924.4300000000001,78.40399989796438,,,868.99,979.87,,,,,,
101826,Na 589.592,942.78,79.98791908782226,,,886.22,999.34,,,,,,
101826,Ni 225.385,0.375,0.47376154339498683,,,0.04,0.71,,,,,,
101826,Ni 227.877,-0.65,0.5232590180780452,,,-1.02,-0.28,,,,,,
101826,P 213.618,3.6,0.14142135623730964,,,3.7,3.5,,,,,,
101826,P 215.294,,,,,,,,,,,,
101826,P 255.491,,,,,,,,,,,,
101826,Pb 220.353,0.0049999999999999975,0.12020815280171307,,,0.09,-0.08,,,,,,
101826,Pb 266.315,,,,,,,,,,,,
101826,Pb 363.957,,,,,,,,,,,,
101826,Sb 206.834,0.595,0.1909188309203678,,,0.46,0.73,,,,,,
101826,Si 251.611,6.49,1.4142135623730951,,,5.49,7.49,,,,,,
101826,Sn 189.925,0.165,0.13435028842544403,,,0.07,0.26,,,,,,
101826,Ti 336.122,0.185,0.14849242404917495,,,0.08,0.29,,,,,,
101826,V 319.068,-0.065,0.007071067811865481,,,-0.07,-0.06,,,,,,
101826,Zn 213.857,0.195,0.1202081528017131,,,0.11,0.28,,,,,,
101826,Zn 472.215,,,,,,,,,,,,
,,,,,,,,,,,,,
101827,Ag 328.068,,,,,,,,,,,,
101827,Al 308.215,2.195,0.1767766952966369,,,2.07,2.32,,,,,,
101827,As 188.980,,,,,,,,,,,,
101827,As 193.696,0.085,0.06363961030678927,,,0.13,0.04,,,,,,
101827,B 249.772,-0.055,0.007071067811865472,,,-0.06,-0.05,,,,,,
101827,Ca 422.673,2105.4700000000003,21.764746724922073,,,2090.08,2120.86,,,,,,
101827,Ca 430.253,2249.7650000000003,15.224008998946509,,,2239.0,2260.53,,,,,,
101827,Ca 643.907,,,,,,,,,,,,
101827,Cd 214.439,0.005,0.007071067811865475,,,0.01,0.0,,,,,,
101827,Co 231.497,0.245,0.04949747468305835,,,0.28,0.21,,,,,,
101827,Co 258.033,-0.015,0.021213203435596427,,,-0.03,0.0,,,,,,
101827,Cr 266.602,-0.03,0.01414213562373095,,,-0.04,-0.02,,,,,,
101827,Cr 267.716,0.10500000000000001,0.03535533905932738,,,0.08,0.13,,,,,,
101827,Cr 357.868,0.36,0.09899494936611666,,,0.29,0.43,,,,,,
101827,Cu 324.754,0.11,0.014142135623730944,,,0.12,0.1,,,,,,
101827,Cu 327.395,0.075,0.06363961030678927,,,0.12,0.03,,,,,,
101827,Fe 238.204,1.31,0.12727922061357852,,,1.22,1.4,,,,,,
101827,Hg 184.887,,,,,,,,,,,,
101827,Hg 194.164,-0.06,0.0282842712474619,,,-0.08,-0.04,,,,,,
101827,K 766.491,219.675,1.8172644276494423,,,218.39,220.96,,,,,,
101827,Mg 279.553,63.555,0.21920310216783134,,,63.4,63.71,,,,,,
101827,Mg 285.213,63.68,0.2545584412271567,,,63.5,63.86,,,,,,
101827,Mg 383.230,,,,,,,,,,,,
101827,Mn 257.610,0.305,0.007071067811865481,,,0.3,0.31,,,,,,
101827,Mn 346.032,,,,,,,,,,,,
101827,Mo 202.032,0.020000000000000004,0.07071067811865477,,,-0.03,0.07,,,,,,
101827,Mo 204.598,0.045000000000000005,0.03535533905932738,,,0.02,0.07,,,,,,
101827,Mo 313.259,0.030000000000000002,0.05656854249492381,,,0.07,-0.01,,,,,,
101827,Na 588.995,1554.435,9.510586206959097,,,1547.71,1561.16,,,,,,
101827,Na 589.592,1590.62,10.63488598904581,,,1583.1,1598.14,,,,,,
101827,Ni 225.385,0.41500000000000004,0.16263455967290597,,,0.53,0.3,,,,,,
101827,Ni 227.877,0.07999999999999999,0.2262741699796952,,,-0.08,0.24,,,,,,
101827,P 213.618,1.98,0.12727922061357852,,,2.07,1.89,,,,,,
101827,P 215.294,,,,,,,,,,,,
101827,P 255.491,,,,,,,,,,,,
101827,Pb 220.353,-0.105,0.06363961030678927,,,-0.15,-0.06,,,,,,
101827,Pb 266.315,,,,,,,,,,,,
101827,Pb 363.957,,,,,,,,,,,,
101827,Sb 206.834,0.265,0.3323401871576773,,,0.03,0.5,,,,,,
101827,Si 251.611,7.359999999999999,0.9192388155425116,,,6.71,8.01,,,,,,
101827,Sn 189.925,0.5,0.2262741699796952,,,0.34,0.66,,,,,,
101827,Ti 336.122,0.22499999999999998,0.10606601717798213,,,0.15,0.3,,,,,,
101827,V 319.068,-0.025,0.06363961030678927,,,-0.07,0.02,,,,,,
101827,Zn 213.857,1.1099999999999999,0.5374011537017761,,,1.49,0.73,,,,,,
101827,Zn 472.215,,,,,,,,,,,,
,,,,,,,,,,,,,
36577,Ag 328.068,,,,,,,,,,,,
36577,Al 308.215,608.575,37.37059338570905,,,582.15,635.0,,,,,,
36577,As 188.980,,,,,,,,,,,,
36577,As 193.696,7.445,1.9586857838867369,,,6.06,8.83,,,,,,
36577,B 249.772,24.92,0.48083261120685467,,,25.26,24.58,,,,,,
36577,Ca 422.673,14031.005000000001,333.50691334663486,,,13795.18,14266.83,,,,,,
36577,Ca 430.253,14968.220000000001,384.59537828736296,,,14696.27,15240.17,,,,,,
36577,Ca 643.907,,,,,,,,,,,,
36577,Cd 214.439,0.145,0.049497474683058325,,,0.18,0.11,,,,,,
36577,Co 231.497,138.06,2.6870057685088886,,,139.96,136.16,,,,,,
36577,Co 258.033,129.79500000000002,0.0494974746830736,,,129.83,129.76,,,,,,
36577,Cr 266.602,9.54,0.08485281374238515,,,9.6,9.48,,,,,,
36577,Cr 267.716,17.09,0.8343860018001259,,,16.5,17.68,,,,,,
36577,Cr 357.868,17.33,1.0040916292848963,,,18.04,16.62,,,,,,
36577,Cu 324.754,25.655,1.3788582233137672,,,24.68,26.63,,,,,,
36577,Cu 327.395,24.689999999999998,0.5939696961966998,,,25.11,24.27,,,,,,
36577,Fe 238.204,2440.19,38.43832462530049,,,2413.01,2467.37,,,,,,
36577,Hg 184.887,,,,,,,,,,,,
36577,Hg 194.164,2.755,0.7566042558696058,,,2.22,3.29,,,,,,
36577,K 766.491,51068.42,376.16666545562185,,,50802.43,51334.41,,,,,,
36577,Mg 279.553,4762.805,44.05982353573406,,,4731.65,4793.96,,,,,,
36577,Mg 285.213,4784.135,49.405550801504,,,4749.2,4819.07,,,,,,
36577,Mg 383.230,,,,,,,,,,,,
36577,Mn 257.610,251.995,0.24748737341528762,,,251.82,252.17,,,,,,
36577,Mn 346.032,,,,,,,,,,,,
36577,Mo 202.032,14.935,0.657609306503489,,,15.4,14.47,,,,,,
36577,Mo 204.598,14.415,1.4778531726798856,,,13.37,15.46,,,,,,
36577,Mo 313.259,16.009999999999998,2.616295090390225,,,17.86,14.16,,,,,,
36577,Na 588.995,1178.15,113.06637431172885,,,1098.2,1258.1,,,,,,
36577,Na 589.592,1287.455,74.01286678679598,,,1235.12,1339.79,,,,,,
36577,Ni 225.385,124.38499999999999,0.19091883092036502,,,124.52,124.25,,,,,,
36577,Ni 227.877,101.79,0.8626702730475871,,,102.4,101.18,,,,,,
36577,P 213.618,8636.125,25.56191013989472,,,8654.2,8618.05,,,,,,
36577,P 215.294,,,,,,,,,,,,
36577,P 255.491,,,,,,,,,,,,
36577,Pb 220.353,-1.87,2.291025971044414,,,-0.25,-3.49,,,,,,
36577,Pb 266.315,,,,,,,,,,,,
36577,Pb 363.957,,,,,,,,,,,,
36577,Sb 206.834,5.155,14.248201640908931,,,-4.92,15.23,,,,,,
36577,Si 251.611,7761.139999999999,1317.141943451806,,,6829.78,8692.5,,,,,,
36577,Sn 189.925,-6.005,5.055813485483815,,,-2.43,-9.58,,,,,,
36577,Ti 336.122,21.05,1.6404877323527904,,,19.89,22.21,,,,,,
36577,V 319.068,1.035,0.954594154601839,,,1.71,0.36,,,,,,
36577,Zn 213.857,129.68,4.171930009000625,,,126.73,132.63,,,,,,
36577,Zn 472.215,,,,,,,,,,,,
,,,,,,,,,,,,,
36578,Ag 328.068,,,,,,,,,,,,
36578,Al 308.215,602.86,0.3252691193458376,,,603.09,602.63,,,,,,
36578,As 188.980,,,,,,,,,,,,
36578,As 193.696,8.120000000000001,2.022325394193526,,,9.55,6.69,,,,,,
36578,B 249.772,23.085,0.38890872965260165,,,22.81,23.36,,,,,,
36578,Ca 422.673,13978.625,468.5784506888882,,,13647.29,14309.96,,,,,,
36578,Ca 430.253,14900.91,465.2338356138762,,,14571.94,15229.88,,,,,,
36578,Ca 643.907,,,,,,,,,,,,
36578,Cd 214.439,0.5549999999999999,0.06363961030678926,,,0.51,0.6,,,,,,
36578,Co 231.497,56.685,0.1767766952966369,,,56.56,56.81,,,,,,
36578,Co 258.033,50.255,0.12020815280171429,,,50.17,50.34,,,,,,
36578,Cr 266.602,14.995000000000001,7.332697320904497,,,9.81,20.18,,,,,,
36578,Cr 267.716,21.145,7.969093423972391,,,15.51,26.78,,,,,,
36578,Cr 357.868,20.145,9.779286783809951,,,13.23,27.06,,,,,,
36578,Cu 324.754,24.395000000000003,1.5768481220460013,,,23.28,25.51,,,,,,
36578,Cu 327.395,25.285,2.170817818242701,,,23.75,26.82,,,,,,
36578,Fe 238.204,2520.14,83.3537473662703,,,2461.2,2579.08,,,,,,
36578,Hg 184.887,,,,,,,,,,,,
36578,Hg 194.164,1.265,1.7748380207782344,,,0.01,2.52,,,,,,
36578,K 766.491,54681.95,574.0575692384895,,,54276.03,55087.87,,,,,,
36578,Mg 279.553,4869.79,106.54684978918918,,,4794.45,4945.13,,,,,,
36578,Mg 285.213,4888.719999999999,90.25510955065116,,,4824.9,4952.54,,,,,,
36578,Mg 383.230,,,,,,,,,,,,
36578,Mn 257.610,218.61,6.915504320004436,,,213.72,223.5,,,,,,
36578,Mn 346.032,,,,,,,,,,,,
36578,Mo 202.032,8.559999999999999,0.2828427124746193,,,8.76,8.36,,,,,,
36578,Mo 204.598,9.415,1.3081475451951126,,,8.49,10.34,,,,,,
36578,Mo 313.259,7.91,0.7636753236814707,,,7.37,8.45,,,,,,
36578,Na 588.995,1001.0550000000001,25.957889937358104,,,982.7,1019.41,,,,,,
36578,Na 589.592,1117.9250000000002,31.841018356830215,,,1095.41,1140.44,,,,,,
36578,Ni 225.385,61.620000000000005,7.11349421873667,,,56.59,66.65,,,,,,
36578,Ni 227.877,45.575,4.560838738653229,,,48.8,42.35,,,,,,
36578,P 213.618,8792.69,228.0560790682856,,,8631.43,8953.95,,,,,,
36578,P 215.294,,,,,,,,,,,,
36578,P 255.491,,,,,,,,,,,,
36578,Pb 220.353,-2.5300000000000002,1.9516147160748714,,,-1.15,-3.91,,,,,,
36578,Pb 266.315,,,,,,,,,,,,
36578,Pb 363.957,,,,,,,,,,,,
36578,Sb 206.834,9.185,5.3810826048296265,,,5.38,12.99,,,,,,
36578,Si 251.611,8456.945,13.399673503485591,,,8447.47,8466.42,,,,,,
36578,Sn 189.925,-9.98,0.1131370849898477,,,-10.06,-9.9,,,,,,
36578,Ti 336.122,22.77,0.6222539674441636,,,23.21,22.33,,,,,,
36578,V 319.068,0.24999999999999994,1.2586500705120545,,,1.14,-0.64,,,,,,
36578,Zn 213.857,125.815,6.399316369738253,,,121.29,130.34,,,,,,
36578,Zn 472.215,,,,,,,,,,,,
,,,,,,,,,,,,,
98715,Ag 328.068,,,,,,,,,,,,
98715,Al 308.215,60.49333333333333,9.634860317271514,,,56.74,53.3,,,60.49333333333333,71.44,,
98715,As 188.980,,,,,,,,,,,,
98715,As 193.696,35.71333333333333,10.763244554191514,,,41.62,23.29,,,35.71333333333333,42.23,,
98715,B 249.772,86.31333333333333,16.374242985046155,,,96.58,67.43,,,86.31333333333333,94.93,,
98715,Ca 422.673,4140.136666666666,659.2722732174722,,,4532.67,3379.0,,,4140.136666666666,4508.74,,
98715,Ca 430.253,4394.056666666666,704.5365559240579,,,4806.0,3580.55,,,4394.056666666666,4795.62,,
98715,Ca 643.907,,,,,,,,,,,,
98715,Cd 214.439,-0.13,0.08717797887081348,,,-0.03,-0.17,,,-0.13,-0.19,,
98715,Co 231.497,6.5200000000000005,1.6250230767592193,,,4.9,8.15,,,6.5200000000000005,6.51,,
98715,Co 258.033,1.07,1.5761027885261798,,,1.23,-0.58,,,1.07,2.56,,
98715,Cr 266.602,1.3933333333333333,1.876494959581116,,,0.29,0.33,,,1.3933333333333333,3.56,,
98715,Cr 267.716,3.936666666666667,0.8008953323208555,,,3.43,3.52,,,3.936666666666667,4.86,,
98715,Cr 357.868,4.53,1.0859558002055147,,,3.32,4.85,,,4.53,5.42,,
98715,Cu 324.754,0.5233333333333333,0.3611555528208494,,,0.6,0.13,,,0.5233333333333333,0.84,,
98715,Cu 327.395,1.26,0.5965735495309862,,,1.21,0.69,,,1.26,1.88,,
98715,Fe 238.204,116.21999999999998,17.07472108117728,,,122.11,96.98,,,116.21999999999998,129.57,,
98715,Hg 184.887,,,,,,,,,,,,
98715,Hg 194.164,0.08333333333333341,1.3021648641141157,,,1.08,-1.39,,,0.08333333333333341,0.56,,
98715,K 766.491,52680.85666666667,9399.59613358645,,,58345.73,41830.67,,,52680.85666666667,57866.17,,
98715,Mg 279.553,4150.946666666667,697.7747824573007,,,4557.95,3345.24,,,4150.946666666667,4549.65,,
98715,Mg 285.213,4192.656666666667,718.2079703215034,,,4617.76,3363.43,,,4192.656666666667,4596.78,,
98715,Mg 383.230,,,,,,,,,,,,
98715,Mn 257.610,29.763333333333335,3.7047312093232003,,,32.2,25.5,,,29.763333333333335,31.59,,
98715,Mn 346.032,,,,,,,,,,,,
98715,Mo 202.032,-0.2066666666666667,1.1159898446371872,,,-1.25,0.97,,,-0.2066666666666667,-0.34,,
98715,Mo 204.598,1.8233333333333335,1.6254947964645514,,,1.24,0.57,,,1.8233333333333335,3.66,,
98715,Mo 313.259,3.5933333333333337,2.1468659327804644,,,5.79,3.49,,,3.5933333333333337,1.5,,
98715,Na 588.995,16854.033333333333,2996.0195270781087,,,18681.14,13396.39,,,16854.033333333333,18484.57,,
98715,Na 589.592,17258.18,2962.7363861302283,,,19058.61,13838.71,,,17258.18,18877.22,,
98715,Ni 225.385,4.86,5.089292681699492,,,2.94,10.63,,,4.86,1.01,,
98715,Ni 227.877,-11.766666666666666,1.0661300733650338,,,-11.71,-10.73,,,-11.766666666666666,-12.86,,
98715,P 213.618,346.68333333333334,58.61390307199592,,,372.38,279.61,,,346.68333333333334,388.06,,
98715,P 215.294,,,,,,,,,,,,
98715,P 255.491,,,,,,,,,,,,
98715,Pb 220.353,-0.11333333333333329,2.399694424991093,,,-1.22,2.64,,,-0.11333333333333329,-1.76,,
98715,Pb 266.315,,,,,,,,,,,,
98715,Pb 363.957,,,,,,,,,,,,
98715,Sb 206.834,5.123333333333333,4.507819132721868,,,3.34,10.25,,,5.123333333333333,1.78,,
98715,Si 251.611,215.19333333333336,37.42800333083951,,,218.07,176.41,,,215.19333333333336,251.1,,
98715,Sn 189.925,7.016666666666667,2.792298933376105,,,6.61,4.45,,,7.016666666666667,9.99,,
98715,Ti 336.122,10.11,2.69979628861142,,,7.08,12.26,,,10.11,10.99,,
98715,V 319.068,0.6466666666666667,0.8590886644190653,,,-0.16,1.55,,,0.6466666666666667,0.55,,
98715,Zn 213.857,27.253333333333334,4.463466515314451,,,29.9,22.1,,,27.253333333333334,29.76,,
98715,Zn 472.215,,,,,,,,,,,,
,,,,,,,,,,,,,
70352,Ag 328.068,,,,,,,,,,,,
70352,Al 308.215,142.055,29.846977233884168,,,120.95,163.16,,,,,,
70352,As 188.980,,,,,,,,,,,,
70352,As 193.696,34.92,2.107178207935909,,,36.41,33.43,,,,,,
70352,B 249.772,8.16,2.333452377915607,,,9.81,6.51,,,,,,
70352,Ca 422.673,18131.29,577.1405548044606,,,18539.39,17723.19,,,,,,
70352,Ca 430.253,19159.364999999998,575.7051280386528,,,19566.45,18752.28,,,,,,
70352,Ca 643.907,,,,,,,,,,,,
70352,Cd 214.439,2.025,0.23334523779156058,,,1.86,2.19,,,,,,
70352,Co 231.497,12.684999999999999,9.849997461928607,,,5.72,19.65,,,,,,
70352,Co 258.033,-0.14500000000000002,2.085965004500315,,,-1.62,1.33,,,,,,
70352,Cr 266.602,1.4900000000000002,3.507249634685276,,,-0.99,3.97,,,,,,
70352,Cr 267.716,8.725000000000001,0.2192031021678301,,,8.57,8.88,,,,,,
70352,Cr 357.868,7.09,1.074802307403552,,,6.33,7.85,,,,,,
70352,Cu 324.754,16.58,0.8202438661763952,,,16.0,17.16,,,,,,
70352,Cu 327.395,18.990000000000002,0.7778174593052007,,,18.44,19.54,,,,,,
70352,Fe 238.204,208.575,0.558614357137367,,,208.18,208.97,,,,,,
70352,Hg 184.887,,,,,,,,,,,,
70352,Hg 194.164,-0.3999999999999999,1.0323759005323594,,,0.33,-1.13,,,,,,
70352,K 766.491,13757.64,67.59940828143421,,,13805.44,13709.84,,,,,,
70352,Mg 279.553,5151.514999999999,95.24021235801581,,,5218.86,5084.17,,,,,,
70352,Mg 285.213,5281.025,94.03813082999945,,,5347.52,5214.53,,,,,,
70352,Mg 383.230,,,,,,,,,,,,
70352,Mn 257.610,4126.34,68.51864709697652,,,4174.79,4077.89,,,,,,
70352,Mn 346.032,,,,,,,,,,,,
70352,Mo 202.032,0.535,1.039446968344225,,,-0.2,1.27,,,,,,
70352,Mo 204.598,3.9800000000000004,0.29698484809835024,,,4.19,3.77,,,,,,
70352,Mo 313.259,-0.30999999999999983,5.996265504461923,,,-4.55,3.93,,,,,,
70352,Na 588.995,4305.45,816.2982103373743,,,4882.66,3728.24,,,,,,
70352,Na 589.592,4533.0650000000005,820.7459119910376,,,5113.42,3952.71,,,,,,
70352,Ni 225.385,9.58,6.010407640085654,,,13.83,5.33,,,,,,
70352,Ni 227.877,-20.615,9.92070814004726,,,-13.6,-27.63,,,,,,
70352,P 213.618,2347.26,32.611764748323814,,,2370.32,2324.2,,,,,,
70352,P 215.294,,,,,,,,,,,,
70352,P 255.491,,,,,,,,,,,,
70352,Pb 220.353,-0.5149999999999999,1.6899852070358485,,,-1.71,0.68,,,,,,
70352,Pb 266.315,,,,,,,,,,,,
70352,Pb 363.957,,,,,,,,,,,,
70352,Sb 206.834,6.885,2.411234123846127,,,8.59,5.18,,,,,,
70352,Si 251.611,869.835,121.37487899067087,,,784.01,955.66,,,,,,
70352,Sn 189.925,7.12,4.17193000900063,,,4.17,10.07,,,,,,
70352,Ti 336.122,17.93,8.273149339882607,,,12.08,23.78,,,,,,
70352,V 319.068,0.86,1.5980613254815972,,,1.99,-0.27,,,,,,
70352,Zn 213.857,121.215,1.3222896808188471,,,120.28,122.15,,,,,,
70352,Zn 472.215,,,,,,,,,,,,
,,,,,,,,,,,,,
70353,Ag 328.068,,,,,,,,,,,,
70353,Al 308.215,70.88,18.46962912459262,,,83.94,57.82,,,,,,
70353,As 188.980,,,,,,,,,,,,
70353,As 193.696,35.31,10.139911242215089,,,42.48,28.14,,,,,,
70353,B 249.772,5.095,1.3505739520663058,,,6.05,4.14,,,,,,
70353,Ca 422.673,16461.265,1069.8737731386811,,,17217.78,15704.75,,,,,,
70353,Ca 430.253,17654.489999999998,1207.2858339266616,,,18508.17,16800.81,,,,,,
70353,Ca 643.907,,,,,,,,,,,,
70353,Cd 214.439,1.4849999999999999,0.09192388155425125,,,1.55,1.42,,,,,,
70353,Co 231.497,10.094999999999999,8.690342340782667,,,3.95,16.24,,,,,,
70353,Co 258.033,0.24,0.5515432893255071,,,0.63,-0.15,,,,,,
70353,Cr 266.602,49.735,10.486393564996499,,,57.15,42.32,,,,,,
70353,Cr 267.716,55.035,7.162991693419728,,,60.1,49.97,,,,,,
70353,Cr 357.868,53.975,5.692209588551705,,,58.0,49.95,,,,,,
70353,Cu 324.754,17.685000000000002,1.930401512639275,,,19.05,16.32,,,,,,
70353,Cu 327.395,20.985,2.3970919882223964,,,22.68,19.29,,,,,,
70353,Fe 238.204,654.38,74.3593491095774,,,706.96,601.8,,,,,,
70353,Hg 184.887,,,,,,,,,,,,
70353,Hg 194.164,2.99,1.428355697996826,,,4.0,1.98,,,,,,
70353,K 766.491,12637.220000000001,1290.7385762422996,,,13549.91,11724.53,,,,,,
70353,Mg 279.553,5031.115,460.17802212839325,,,5356.51,4705.72,,,,,,
70353,Mg 285.213,5057.835,468.98857262197765,,,5389.46,4726.21,,,,,,
70353,Mg 383.230,,,,,,,,,,,,
70353,Mn 257.610,4073.225,377.6869450351707,,,4340.29,3806.16,,,,,,
70353,Mn 346.032,,,,,,,,,,,,
70353,Mo 202.032,-2.13,0.05656854249492385,,,-2.09,-2.17,,,,,,
70353,Mo 204.598,2.215,1.5202795795510773,,,3.29,1.14,,,,,,
70353,Mo 313.259,3.965,2.1991020894901623,,,2.41,5.52,,,,,,
70353,Na 588.995,3506.585,328.20361248773577,,,3738.66,3274.51,,,,,,
70353,Na 589.592,3611.75,303.3629512646529,,,3826.26,3397.24,,,,,,
70353,Ni 225.385,12.84,3.1536962440920027,,,15.07,10.61,,,,,,
70353,Ni 227.877,-15.920000000000002,5.3033008588991075,,,-12.17,-19.67,,,,,,
70353,P 213.618,1756.995,176.44435510947918,,,1881.76,1632.23,,,,,,
70353,P 215.294,,,,,,,,,,,,
70353,P 255.491,,,,,,,,,,,,
70353,Pb 220.353,3.84,5.303300858899107,,,0.09,7.59,,,,,,
70353,Pb 266.315,,,,,,,,,,,,
70353,Pb 363.957,,,,,,,,,,,,
70353,Sb 206.834,13.61,6.731656556895934,,,8.85,18.37,,,,,,
70353,Si 251.611,351.205,161.39712280582944,,,465.33,237.08,,,,,,
70353,Sn 189.925,21.615,22.26679253956438,,,5.87,37.36,,,,,,
70353,Ti 336.122,7.08,0.31112698372208053,,,7.3,6.86,,,,,,
70353,V 319.068,-0.9950000000000001,1.9162593770155438,,,-2.35,0.36,,,,,,
70353,Zn 213.857,107.795,9.920708140047262,,,114.81,100.78,,,,,,
70353,Zn 472.215,,,,,,,,,,,,
,,,,,,,,,,,,,
70354,Ag 328.068,,,,,,,,,,,,
70354,Al 308.215,86.88499999999999,33.46736395355929,,,63.22,110.55,,,,,,
70354,As 188.980,,,,,,,,,,,,
70354,As 193.696,41.915,7.162991693419723,,,46.98,36.85,,,,,,
70354,B 249.772,26.725,3.4153257531310257,,,24.31,29.14,,,,,,
70354,Ca 422.673,16642.21,2013.6138386493064,,,15218.37,18066.05,,,,,,
70354,Ca 430.253,17743.52,2152.9845852211765,,,16221.13,19265.91,,,,,,
70354,Ca 643.907,,,,,,,,,,,,
70354,Cd 214.439,2.095,0.5303300858899108,,,2.47,1.72,,,,,,
70354,Co 231.497,17.895,0.8555992052357231,,,18.5,17.29,,,,,,
70354,Co 258.033,3.2699999999999996,2.23445742854949,,,1.69,4.85,,,,,,
70354,Cr 266.602,12.405000000000001,17.147339443773777,,,0.28,24.53,,,,,,
70354,Cr 267.716,17.34,17.465537495307725,,,4.99,29.69,,,,,,
70354,Cr 357.868,18.54,15.344217151748081,,,7.69,29.39,,,,,,
70354,Cu 324.754,16.884999999999998,5.2962297910872405,,,13.14,20.63,,,,,,
70354,Cu 327.395,19.57,5.6285699782449194,,,15.59,23.55,,,,,,
70354,Fe 238.204,211.755,96.5271466997756,,,143.5,280.01,,,,,,
70354,Hg 184.887,,,,,,,,,,,,
70354,Hg 194.164,-0.31,0.9758073580374355,,,0.38,-1.0,,,,,,
70354,K 766.491,32994.085,3762.1687003708344,,,30333.83,35654.34,,,,,,
70354,Mg 279.553,6659.4400000000005,725.6754052605057,,,6146.31,7172.57,,,,,,
70354,Mg 285.213,6753.91,772.0050415638486,,,6208.02,7299.8,,,,,,
70354,Mg 383.230,,,,,,,,,,,,
70354,Mn 257.610,10.815000000000001,1.5202795795510775,,,9.74,11.89,,,,,,
70354,Mn 346.032,,,,,,,,,,,,
70354,Mo 202.032,1.7249999999999999,1.845548698896889,,,0.42,3.03,,,,,,
70354,Mo 204.598,5.765000000000001,1.1384419177103418,,,6.57,4.96,,,,,,
70354,Mo 313.259,4.15,2.1496046148071044,,,2.63,5.67,,,,,,
70354,Na 588.995,9024.285,1031.1384636652829,,,8295.16,9753.41,,,,,,
70354,Na 589.592,9140.125,1024.1098222602895,,,8415.97,9864.28,,,,,,
70354,Ni 225.385,10.855,10.20355085252188,,,3.64,18.07,,,,,,
70354,Ni 227.877,-11.655,23.46887406758151,,,-28.25,4.94,,,,,,
70354,P 213.618,1737.74,214.11193334328672,,,1586.34,1889.14,,,,,,
70354,P 215.294,,,,,,,,,,,,
70354,P 255.491,,,,,,,,,,,,
70354,Pb 220.353,6.915,3.0900566337852124,,,9.1,4.73,,,,,,
70354,Pb 266.315,,,,,,,,,,,,
70354,Pb 363.957,,,,,,,,,,,,
70354,Sb 206.834,6.18,4.4264884502277875,,,3.05,9.31,,,,,,
70354,Si 251.611,603.605,90.672302551551,,,539.49,667.72,,,,,,
70354,Sn 189.925,-0.030000000000000027,2.3617366491630687,,,1.64,-1.7,,,,,,
70354,Ti 336.122,22.215,15.167440456451441,,,11.49,32.94,,,,,,
70354,V 319.068,1.6949999999999998,0.940452018978108,,,1.03,2.36,,,,,,
70354,Zn 213.857,113.655,21.347553724021868,,,98.56,128.75,,,,,,
70354,Zn 472.215,,,,,,,,,,,,
,,,,,,,,,,,,,
70355,Ag 328.068,,,,,,,,,,,,
70355,Al 308.215,182.07,8.061017305526645,,,176.37,187.77,,,,,,
70355,As 188.980,,,,,,,,,,,,
70355,As 193.696,63.39,2.8567113959936514,,,65.41,61.37,,,,,,
70355,B 249.772,179.165,0.6717514421272122,,,178.69,179.64,,,,,,
70355,Ca 422.673,9171.990000000002,81.85468099015489,,,9114.11,9229.87,,,,,,
70355,Ca 430.253,9702.025000000001,104.87100671777651,,,9627.87,9776.18,,,,,,
70355,Ca 643.907,,,,,,,,,,,,
70355,Cd 214.439,0.8049999999999999,0.04949747468305829,,,0.77,0.84,,,,,,
70355,Co 231.497,5.390000000000001,4.341635636485402,,,8.46,2.32,,,,,,
70355,Co 258.033,2.395,0.714177848998413,,,1.89,2.9,,,,,,
70355,Cr 266.602,4.0649999999999995,0.7566042558696058,,,3.53,4.6,,,,,,
70355,Cr 267.716,4.305,1.2798632739476512,,,5.21,3.4,,,,,,
70355,Cr 357.868,4.39,0.8768124086713187,,,3.77,5.01,,,,,,
70355,Cu 324.754,3.34,0.4384062043356595,,,3.03,3.65,,,,,,
70355,Cu 327.395,4.925000000000001,0.685893577750951,,,4.44,5.41,,,,,,
70355,Fe 238.204,296.405,99.69498507949132,,,225.91,366.9,,,,,,
70355,Hg 184.887,,,,,,,,,,,,
70355,Hg 194.164,1.5150000000000001,0.5868986283848343,,,1.93,1.1,,,,,,
70355,K 766.491,134551.06,521.9013730581785,,,134920.1,134182.02,,,,,,
70355,Mg 279.553,6586.355,80.75866547931561,,,6529.25,6643.46,,,,,,
70355,Mg 285.213,6710.844999999999,57.42414170015955,,,6670.24,6751.45,,,,,,
70355,Mg 383.230,,,,,,,,,,,,
70355,Mn 257.610,11.4,1.4424978336205563,,,10.38,12.42,,,,,,
70355,Mn 346.032,,,,,,,,,,,,
70355,Mo 202.032,-1.42,0.3818376618407357,,,-1.69,-1.15,,,,,,
70355,Mo 204.598,2.3,3.12541197284454,,,4.51,0.09,,,,,,
70355,Mo 313.259,2.01,2.23445742854949,,,3.59,0.43,,,,,,
70355,Na 588.995,39438.994999999995,125.51852472842549,,,39350.24,39527.75,,,,,,
70355,Na 589.592,40579.375,243.02552962600618,,,40407.53,40751.22,,,,,,
70355,Ni 225.385,6.710000000000001,3.4365389565666216,,,9.14,4.28,,,,,,
70355,Ni 227.877,-8.59,6.25082394568908,,,-13.01,-4.17,,,,,,
70355,P 213.618,2467.635,36.47963884141377,,,2441.84,2493.43,,,,,,
70355,P 215.294,,,,,,,,,,,,
70355,P 255.491,,,,,,,,,,,,
70355,Pb 220.353,2.4650000000000003,2.2132442251138937,,,4.03,0.9,,,,,,
70355,Pb 266.315,,,,,,,,,,,,
70355,Pb 363.957,,,,,,,,,,,,
70355,Sb 206.834,6.42,0.8343860018001259,,,7.01,5.83,,,,,,
70355,Si 251.611,1188.525,22.39407176017785,,,1172.69,1204.36,,,,,,
70355,Sn 189.925,-2.7699999999999996,11.327850634608492,,,5.24,-10.78,,,,,,
70355,Ti 336.122,22.125,11.490485194281398,,,30.25,14.0,,,,,,
70355,V 319.068,0.98,1.5839191898578666,,,2.1,-0.14,,,,,,
70355,Zn 213.857,62.415,2.5950818869546306,,,64.25,60.58,,,,,,
70355,Zn 472.215,,,,,,,,,,,,
,,,,,,,,,,,,,
70356,Ag 328.068,,,,,,,,,,,,
70356,Al 308.215,237.275,27.61251980533469,,,256.8,217.75,,,,,,
70356,As 188.980,,,,,,,,,,,,
70356,As 193.696,50.49,20.053548314450488,,,64.67,36.31,,,,,,
70356,B 249.772,24.939999999999998,3.7335238046649692,,,27.58,22.3,,,,,,
70356,Ca 422.673,14991.619999999999,2188.622766992977,,,16539.21,13444.03,,,,,,
70356,Ca 430.253,16038.96,2304.3902892088395,,,17668.41,14409.51,,,,,,
70356,Ca 643.907,,,,,,,,,,,,
70356,Cd 214.439,1.375,0.9687362902255702,,,2.06,0.69,,,,,,
70356,Co 231.497,17.035,0.7848885271170674,,,16.48,17.59,,,,,,
70356,Co 258.033,3.375,3.64159992311072,,,5.95,0.8,,,,,,
70356,Cr 266.602,4.115,1.2798632739476508,,,3.21,5.02,,,,,,
70356,Cr 267.716,5.8100000000000005,0.4525483399593902,,,6.13,5.49,,,,,,
70356,Cr 357.868,3.96,3.068843430349616,,,1.79,6.13,,,,,,
70356,Cu 324.754,16.439999999999998,3.026417023478422,,,18.58,14.3,,,,,,
70356,Cu 327.395,19.16,2.998132752230963,,,21.28,17.04,,,,,,
70356,Fe 238.204,153.605,11.801612178003476,,,161.95,145.26,,,,,,
70356,Hg 184.887,,,,,,,,,,,,
70356,Hg 194.164,2.7249999999999996,2.7647875144394005,,,4.68,0.77,,,,,,
70356,K 766.491,30730.775,4485.708643152161,,,33902.65,27558.9,,,,,,
70356,Mg 279.553,6122.925,837.2639263995551,,,6714.96,5530.89,,,,,,
70356,Mg 285.213,6184.49,868.0867109914768,,,6798.32,5570.66,,,,,,
70356,Mg 383.230,,,,,,,,,,,,
70356,Mn 257.610,15.43,0.4384062043356602,,,15.74,15.12,,,,,,
70356,Mn 346.032,,,,,,,,,,,,
70356,Mo 202.032,-0.08500000000000002,0.9687362902255702,,,-0.77,0.6,,,,,,
70356,Mo 204.598,4.415,1.2232947314527276,,,3.55,5.28,,,,,,
70356,Mo 313.259,-2.865,3.7830212793480293,,,-5.54,-0.19,,,,,,
70356,Na 588.995,8384.92,1193.1436983029332,,,9228.6,7541.24,,,,,,
70356,Na 589.592,8533.63,1204.669538836273,,,9385.46,7681.8,,,,,,
70356,Ni 225.385,2.755,0.8555992052357225,,,3.36,2.15,,,,,,
70356,Ni 227.877,-26.490000000000002,4.157787873376899,,,-29.43,-23.55,,,,,,
70356,P 213.618,1810.1599999999999,267.7954801709693,,,1999.52,1620.8,,,,,,
70356,P 215.294,,,,,,,,,,,,
70356,P 255.491,,,,,,,,,,,,
70356,Pb 220.353,9.315000000000001,11.81575431362721,,,17.67,0.96,,,,,,
70356,Pb 266.315,,,,,,,,,,,,
70356,Pb 363.957,,,,,,,,,,,,
70356,Sb 206.834,-2.2150000000000003,5.861915216036479,,,1.93,-6.36,,,,,,
70356,Si 251.611,651.975,23.878996000669694,,,668.86,635.09,,,,,,
70356,Sn 189.925,-2.2399999999999998,2.206173157302028,,,-0.68,-3.8,,,,,,
70356,Ti 336.122,13.14,4.567909806465098,,,9.91,16.37,,,,,,
70356,V 319.068,-0.56,1.0748023074035522,,,-1.32,0.2,,,,,,
70356,Zn 213.857,159.41,20.463670247538683,,,173.88,144.94,,,,,,
70356,Zn 472.215,,,,,,,,,,,,
,,,,,,,,,,,,,
70357,Ag 328.068,,,,,,,,,,,,
70357,Al 308.215,100.03,1.8384776310850195,,,101.33,,,,,,98.73,
70357,As 188.980,,,,,,,,,,,,
70357,As 193.696,44.575,1.2657211383239195,,,43.68,,,,,,45.47,
70357,B 249.772,1.78,0.33941125496954283,,,2.02,,,,,,1.54,
70357,Ca 422.673,14250.96,945.5431878026506,,,14919.56,,,,,,13582.36,
70357,Ca 430.253,15243.42,1039.0792728180074,,,15978.16,,,,,,14508.68,
70357,Ca 643.907,,,,,,,,,,,,
70357,Cd 214.439,1.67,0.0,,,1.67,,,,,,1.67,
70357,Co 231.497,5.09,1.7819090885900994,,,3.83,,,,,,6.35,
70357,Co 258.033,-2.9,0.4384062043356595,,,-3.21,,,,,,-2.59,
70357,Cr 266.602,-3.075,1.096015510839149,,,-3.85,,,,,,-2.3,
70357,Cr 267.716,4.76,0.09899494936611643,,,4.69,,,,,,4.83,
70357,Cr 357.868,1.02,0.6929646455628166,,,1.51,,,,,,0.53,
70357,Cu 324.754,12.059999999999999,0.7636753236814714,,,12.6,,,,,,11.52,
70357,Cu 327.395,14.055,2.0576807332528535,,,15.51,,,,,,12.6,
70357,Fe 238.204,150.255,19.537360364184305,,,164.07,,,,,,136.44,
70357,Hg 184.887,,,,,,,,,,,,
70357,Hg 194.164,1.875,0.3181980515339465,,,1.65,,,,,,2.1,
70357,K 766.491,11355.23,823.8783950316936,,,11937.8,,,,,,10772.66,
70357,Mg 279.553,4457.4,312.31492311447386,,,4678.24,,,,,,4236.56,
70357,Mg 285.213,4465.23,316.38785817410854,,,4688.95,,,,,,4241.51,
70357,Mg 383.230,,,,,,,,,,,,
70357,Mn 257.610,3688.66,248.16619592523074,,,3864.14,,,,,,3513.18,
70357,Mn 346.032,,,,,,,,,,,,
70357,Mo 202.032,-2.6500000000000004,0.8061017305526643,,,-2.08,,,,,,-3.22,
70357,Mo 204.598,2.3200000000000003,1.5414927829866738,,,1.23,,,,,,3.41,
70357,Mo 313.259,4.11,2.9557063453597685,,,2.02,,,,,,6.2,
70357,Na 588.995,2985.395,208.64599792471438,,,3132.93,,,,,,2837.86,
70357,Na 589.592,3119.125,235.9827460853862,,,3285.99,,,,,,2952.26,
70357,Ni 225.385,11.29,3.6910973977937784,,,13.9,,,,,,8.68,
70357,Ni 227.877,-5.455,2.807213921310594,,,-3.47,,,,,,-7.44,
70357,P 213.618,1561.63,108.37118528465027,,,1638.26,,,,,,1485.0,
70357,P 215.294,,,,,,,,,,,,
70357,P 255.491,,,,,,,,,,,,
70357,Pb 220.353,-1.96,0.5091168824543141,,,-1.6,,,,,,-2.32,
70357,Pb 266.315,,,,,,,,,,,,
70357,Pb 363.957,,,,,,,,,,,,
70357,Sb 206.834,16.5,2.4607315985291844,,,14.76,,,,,,18.24,
70357,Si 251.611,690.53,13.095617587574848,,,699.79,,,,,,681.27,
70357,Sn 189.925,-7.95,6.293250352560273,,,-12.4,,,,,,-3.5,
70357,Ti 336.122,14.0,1.4283556979968257,,,12.99,,,,,,15.01,
70357,V 319.068,0.37000000000000005,1.697056274847714,,,1.57,,,,,,-0.83,
70357,Zn 213.857,114.62,8.131727983645296,,,120.37,,,,,,108.87,
70357,Zn 472.215,,,,,,,,,,,,
,,,,,,,,,,,,,
70358,Ag 328.068,,,,,,,,,,,,
70358,Al 308.215,101.815,1.308147545195109,,,102.74,100.89,,,,,,
70358,As 188.980,,,,,,,,,,,,
70358,As 193.696,33.805,3.3870414818835646,,,36.2,31.41,,,,,,
70358,B 249.772,3.9749999999999996,0.049497474683058214,,,4.01,3.94,,,,,,
70358,Ca 422.673,16644.29,674.2263158613731,,,16167.54,17121.04,,,,,,
70358,Ca 430.253,17803.16,693.586899530259,,,17312.72,18293.6,,,,,,
70358,Ca 643.907,,,,,,,,,,,,
70358,Cd 214.439,2.1399999999999997,0.04242640687119289,,,2.17,2.11,,,,,,
70358,Co 231.497,13.58,6.222539674441618,,,9.18,17.98,,,,,,
70358,Co 258.033,-1.535,0.5161879502661797,,,-1.17,-1.9,,,,,,
70358,Cr 266.602,1.555,1.9586857838867366,,,2.94,0.17,,,,,,
70358,Cr 267.716,5.515000000000001,0.5586143571373726,,,5.12,5.91,,,,,,
70358,Cr 357.868,3.9400000000000004,1.767766952966369,,,5.19,2.69,,,,,,
70358,Cu 324.754,18.799999999999997,1.0182337649086295,,,18.08,19.52,,,,,,
70358,Cu 327.395,20.585,0.5444722215136413,,,20.2,20.97,,,,,,
70358,Fe 238.204,163.66000000000003,37.58979648787687,,,137.08,190.24,,,,,,
70358,Hg 184.887,,,,,,,,,,,,
70358,Hg 194.164,-1.075,0.6010407640085653,,,-0.65,-1.5,,,,,,
70358,K 766.491,13887.064999999999,327.53893211342137,,,13655.46,14118.67,,,,,,
70358,Mg 279.553,5396.8150000000005,193.76847124854945,,,5259.8,5533.83,,,,,,
70358,Mg 285.213,5433.85,211.01480564168958,,,5284.64,5583.06,,,,,,
70358,Mg 383.230,,,,,,,,,,,,
70358,Mn 257.610,3958.545,173.0643846954075,,,3836.17,4080.92,,,,,,
70358,Mn 346.032,,,,,,,,,,,,
70358,Mo 202.032,-1.73,1.6404877323527904,,,-0.57,-2.89,,,,,,
70358,Mo 204.598,2.125,0.6576093065034891,,,1.66,2.59,,,,,,
70358,Mo 313.259,6.3149999999999995,1.6334166645409245,,,7.47,5.16,,,,,,
70358,Na 588.995,3740.5150000000003,79.0333249332204,,,3684.63,3796.4,,,,,,
70358,Na 589.592,3862.71,64.79926542793545,,,3816.89,3908.53,,,,,,
70358,Ni 225.385,4.005,1.4495689014324227,,,5.03,2.98,,,,,,
70358,Ni 227.877,-33.715,4.999244942988891,,,-30.18,-37.25,,,,,,
70358,P 213.618,1845.135,89.55507383727631,,,1781.81,1908.46,,,,,,
70358,P 215.294,,,,,,,,,,,,
70358,P 255.491,,,,,,,,,,,,
70358,Pb 220.353,6.75,3.0547012947258856,,,4.59,8.91,,,,,,
70358,Pb 266.315,,,,,,,,,,,,
70358,Pb 363.957,,,,,,,,,,,,
70358,Sb 206.834,-1.575,6.31446355599587,,,-6.04,2.89,,,,,,
70358,Si 251.611,520.015,3.882016228714152,,,517.27,522.76,,,,,,
70358,Sn 189.925,20.485,13.951216792810584,,,10.62,30.35,,,,,,
70358,Ti 336.122,32.465,16.525085476329615,,,44.15,20.78,,,,,,
70358,V 319.068,-0.14500000000000002,0.19091883092036785,,,-0.28,-0.01,,,,,,
70358,Zn 213.857,116.785,7.79938779648762,,,111.27,122.3,,,,,,
70358,Zn 472.215,,,,,,,,,,,,
,,,,,,,,,,,,,
70359,Ag 328.068,,,,,,,,,,,,
70359,Al 308.215,93.89,1.5414927829866785,,,92.8,94.98,,,,,,
70359,As 188.980,,,,,,,,,,,,
70359,As 193.696,82.95,7.0003571337468244,,,87.9,78.0,,,,,,
70359,B 249.772,176.65499999999997,6.031620843521251,,,180.92,172.39,,,,,,
70359,Ca 422.673,8319.36,355.46257890247665,,,8570.71,8068.01,,,,,,
70359,Ca 430.253,8816.2,356.21211209053536,,,9068.08,8564.32,,,,,,
70359,Ca 643.907,,,,,,,,,,,,
70359,Cd 214.439,0.7749999999999999,0.10606601717798214,,,0.85,0.7,,,,,,
70359,Co 231.497,17.985,0.8131727983645286,,,17.41,18.56,,,,,,
70359,Co 258.033,1.88,2.1213203435596424,,,0.38,3.38,,,,,,
70359,Cr 266.602,1.58,1.0323759005323594,,,0.85,2.31,,,,,,
70359,Cr 267.716,4.26,0.19798989873223347,,,4.4,4.12,,,,,,
70359,Cr 357.868,1.855,0.3464823227814083,,,1.61,2.1,,,,,,
70359,Cu 324.754,2.37,3.379970414071697,,,4.76,-0.02,,,,,,
70359,Cu 327.395,3.935,2.9062088706767106,,,5.99,1.88,,,,,,
70359,Fe 238.204,138.51,13.138043994446061,,,147.8,129.22,,,,,,
70359,Hg 184.887,,,,,,,,,,,,
70359,Hg 194.164,-0.86,1.7960512242138307,,,0.41,-2.13,,,,,,
70359,K 766.491,177737.995,6026.862014883878,,,181999.63,173476.36,,,,,,
70359,Mg 279.553,7520.03,312.30078097885047,,,7740.86,7299.2,,,,,,
70359,Mg 285.213,7604.095,302.22450934694217,,,7817.8,7390.39,,,,,,
70359,Mg 383.230,,,,,,,,,,,,
70359,Mn 257.610,7.994999999999999,0.5161879502661794,,,8.36,7.63,,,,,,
70359,Mn 346.032,,,,,,,,,,,,
70359,Mo 202.032,-2.17,0.9616652224137047,,,-1.49,-2.85,,,,,,
70359,Mo 204.598,4.0,1.668772003600252,,,5.18,2.82,,,,,,
70359,Mo 313.259,14.285,4.475985924910845,,,11.12,17.45,,,,,,
70359,Na 588.995,47222.25,2020.5010586980634,,,48650.96,45793.54,,,,,,
70359,Na 589.592,48505.035,2218.5404549049795,,,50073.78,46936.29,,,,,,
70359,Ni 225.385,1.37,0.325269119345812,,,1.6,1.14,,,,,,
70359,Ni 227.877,-35.715,0.7283199846221398,,,-35.2,-36.23,,,,,,
70359,P 213.618,3103.7349999999997,124.61342804850528,,,3191.85,3015.62,,,,,,
70359,P 215.294,,,,,,,,,,,,
70359,P 255.491,,,,,,,,,,,,
70359,Pb 220.353,-2.715,6.102331521639905,,,-7.03,1.6,,,,,,
70359,Pb 266.315,,,,,,,,,,,,
70359,Pb 363.957,,,,,,,,,,,,
70359,Sb 206.834,7.6,1.5273506473629428,,,6.52,8.68,,,,,,
70359,Si 251.611,553.21,31.621815254662422,,,575.57,530.85,,,,,,
70359,Sn 189.925,16.58,7.735748186180831,,,22.05,11.11,,,,,,
70359,Ti 336.122,13.29,2.5314422766478404,,,11.5,15.08,,,,,,
70359,V 319.068,1.245,1.1525840533340725,,,2.06,0.43,,,,,,
70359,Zn 213.857,44.125,3.5991735162395293,,,46.67,41.58,,,,,,
70359,Zn 472.215,,,,,,,,,,,,
,,,,,,,,,,,,,
70360,Ag 328.068,,,,,,,,,,,,
70360,Al 308.215,202.72,22.86783330357293,,,186.55,218.89,,,,,,
70360,As 188.980,,,,,,,,,,,,
70360,As 193.696,54.065,4.843681451127852,,,57.49,50.64,,,,,,
70360,B 249.772,139.12,4.072935059634507,,,136.24,142.0,,,,,,
70360,Ca 422.673,12079.325,292.11288237597375,,,11872.77,12285.88,,,,,,
70360,Ca 430.253,12837.29,330.99668427342317,,,12603.24,13071.34,,,,,,
70360,Ca 643.907,,,,,,,,,,,,
70360,Cd 214.439,1.345,0.28991378028648457,,,1.55,1.14,,,,,,
70360,Co 231.497,14.285,2.8779245994292486,,,16.32,12.25,,,,,,
70360,Co 258.033,-3.99,0.5515432893255069,,,-3.6,-4.38,,,,,,
70360,Cr 266.602,-0.275,2.1849599538664317,,,1.27,-1.82,,,,,,
70360,Cr 267.716,5.725,1.534421715174808,,,6.81,4.64,,,,,,
70360,Cr 357.868,4.234999999999999,2.7506453788156695,,,6.18,2.29,,,,,,
70360,Cu 324.754,9.905,3.6698841943581817,,,7.31,12.5,,,,,,
70360,Cu 327.395,10.46,3.4223968209428914,,,8.04,12.88,,,,,,
70360,Fe 238.204,272.875,5.692209588551676,,,268.85,276.9,,,,,,
70360,Hg 184.887,,,,,,,,,,,,
70360,Hg 194.164,-1.73,2.022325394193526,,,-0.3,-3.16,,,,,,
70360,K 766.491,97426.08,2627.5946567535943,,,95568.09,99284.07,,,,,,
70360,Mg 279.553,6392.635,142.20624476442634,,,6292.08,6493.19,,,,,,
70360,Mg 285.213,6483.655000000001,151.4127750554755,,,6376.59,6590.72,,,,,,
70360,Mg 383.230,,,,,,,,,,,,
70360,Mn 257.610,11.57,0.4101219330881976,,,11.28,11.86,,,,,,
70360,Mn 346.032,,,,,,,,,,,,
70360,Mo 202.032,0.175,0.19091883092036782,,,0.31,0.04,,,,,,
70360,Mo 204.598,1.0050000000000001,1.9869700551341989,,,2.41,-0.4,,,,,,
70360,Mo 313.259,1.585,2.3263813101037414,,,-0.06,3.23,,,,,,
70360,Na 588.995,26710.300000000003,762.4732421534536,,,26171.15,27249.45,,,,,,
70360,Na 589.592,27791.614999999998,647.8583039909287,,,27333.51,28249.72,,,,,,
70360,Ni 225.385,2.23,5.260874452027913,,,5.95,-1.49,,,,,,
70360,Ni 227.877,-24.11,0.4101219330881964,,,-23.82,-24.4,,,,,,
70360,P 213.618,2241.9,53.32999343708946,,,2204.19,2279.61,,,,,,
70360,P 215.294,,,,,,,,,,,,
70360,P 255.491,,,,,,,,,,,,
70360,Pb 220.353,6.045,1.4071424945612299,,,5.05,7.04,,,,,,
70360,Pb 266.315,,,,,,,,,,,,
70360,Pb 363.957,,,,,,,,,,,,
70360,Sb 206.834,12.07,0.5232590180780453,,,12.44,11.7,,,,,,
70360,Si 251.611,1554.405,101.16576718435947,,,1482.87,1625.94,,,,,,
70360,Sn 189.925,17.759999999999998,20.66166014627092,,,32.37,3.15,,,,,,
70360,Ti 336.122,32.845,19.8060609410352,,,46.85,18.84,,,,,,
70360,V 319.068,1.055,0.9404520189781082,,,1.72,0.39,,,,,,
70360,Zn 213.857,77.01,3.0688434303496184,,,74.84,79.18,,,,,,
70360,Zn 472.215,,,,,,,,,,,,
,,,,,,,,,,,,,
70361,Ag 328.068,,,,,,,,,,,,
70361,Al 308.215,73.09,4.468914857098976,,,76.25,69.93,,,,,,
70361,As 188.980,,,,,,,,,,,,
70361,As 193.696,44.129999999999995,1.0889444430272825,,,43.36,44.9,,,,,,
70361,B 249.772,28.68,1.2869343417595167,,,29.59,27.77,,,,,,
70361,Ca 422.673,16824.65,522.014510143158,,,17193.77,16455.53,,,,,,
70361,Ca 430.253,17870.21,521.8023781088,,,18239.18,17501.24,,,,,,
70361,Ca 643.907,,,,,,,,,,,,
70361,Cd 214.439,1.92,0.014142135623730963,,,1.91,1.93,,,,,,
70361,Co 231.497,3.6399999999999997,6.066976182580578,,,7.93,-0.65,,,,,,
70361,Co 258.033,2.54,0.7353910524340095,,,2.02,3.06,,,,,,
70361,Cr 266.602,1.405,0.6858935777509511,,,1.89,0.92,,,,,,
70361,Cr 267.716,4.76,0.7919595949289333,,,5.32,4.2,,,,,,
70361,Cr 357.868,3.6,2.1496046148071044,,,5.12,2.08,,,,,,
70361,Cu 324.754,11.525,0.9121677477306457,,,12.17,10.88,,,,,,
70361,Cu 327.395,13.135,2.043538597629123,,,14.58,11.69,,,,,,
70361,Fe 238.204,127.35,3.6628131265463106,,,129.94,124.76,,,,,,
70361,Hg 184.887,,,,,,,,,,,,
70361,Hg 194.164,-1.155,1.308147545195113,,,-0.23,-2.08,,,,,,
70361,K 766.491,39918.25,1854.8259398660532,,,41229.81,38606.69,,,,,,
70361,Mg 279.553,7113.46,254.3180249215536,,,7293.29,6933.63,,,,,,
70361,Mg 285.213,7213.305,273.9685223707277,,,7407.03,7019.58,,,,,,
70361,Mg 383.230,,,,,,,,,,,,
70361,Mn 257.610,16.79,0.2969848480983512,,,16.58,17.0,,,,,,
70361,Mn 346.032,,,,,,,,,,,,
70361,Mo 202.032,-1.885,1.3364318164425748,,,-0.94,-2.83,,,,,,
70361,Mo 204.598,5.535,1.2232947314527276,,,4.67,6.4,,,,,,
70361,Mo 313.259,2.585,1.0960155108391485,,,3.36,1.81,,,,,,
70361,Na 588.995,10902.85,502.49836298240774,,,11258.17,10547.53,,,,,,
70361,Na 589.592,11101.83,520.1618903764473,,,11469.64,10734.02,,,,,,
70361,Ni 225.385,4.05,1.9798989873223334,,,2.65,5.45,,,,,,
70361,Ni 227.877,-28.33,7.410479066835018,,,-33.57,-23.09,,,,,,
70361,P 213.618,2025.38,102.06379279646637,,,2097.55,1953.21,,,,,,
70361,P 215.294,,,,,,,,,,,,
70361,P 255.491,,,,,,,,,,,,
70361,Pb 220.353,7.825,0.1343502884254437,,,7.73,7.92,,,,,,
70361,Pb 266.315,,,,,,,,,,,,
70361,Pb 363.957,,,,,,,,,,,,
70361,Sb 206.834,12.655000000000001,10.528819971867694,,,20.1,5.21,,,,,,
70361,Si 251.611,389.73,7.72160605055711,,,384.27,395.19,,,,,,
70361,Sn 189.925,8.125,3.316330803764908,,,10.47,5.78,,,,,,
70361,Ti 336.122,12.010000000000002,2.884995667241114,,,9.97,14.05,,,,,,
70361,V 319.068,1.02,0.7212489168102785,,,0.51,1.53,,,,,,
70361,Zn 213.857,85.75,3.394112549695436,,,88.15,83.35,,,,,,
70361,Zn 472.215,,,,,,,,,,,,
,,,,,,,,,,,,,
98714 r,Ag 328.068,,,,,,,,,,,,
98714 r,Al 308.215,,,,,,,,,,,,
98714 r,As 188.980,,,,,,,,,,,,
98714 r,As 193.696,,,,,,,,,,,,
98714 r,B 249.772,,,,,,,,,,,,
98714 r,Ca 422.673,,,,,,,,,,,,
98714 r,Ca 430.253,,,,,,,,,,,,
98714 r,Ca 643.907,,,,,,,,,,,,
98714 r,Cd 214.439,,,,,,,,,,,,
98714 r,Co 231.497,,,,,,,,,,,,
98714 r,Co 258.033,,,,,,,,,,,,
98714 r,Cr 266.602,,,,,,,,,,,,
98714 r,Cr 267.716,,,,,,,,,,,,
98714 r,Cr 357.868,,,,,,,,,,,,
98714 r,Cu 324.754,,,,,,,,,,,,
98714 r,Cu 327.395,,,,,,,,,,,,
98714 r,Fe 238.204,,,,,,,,,,,,
98714 r,Hg 184.887,,,,,,,,,,,,
98714 r,Hg 194.164,,,,,,,,,,,,
98714 r,K 766.491,,,,,,,,,,,,
98714 r,Mg 279.553,,,,,,,,,,,,
98714 r,Mg 285.213,,,,,,,,,,,,
98714 r,Mg 383.230,,,,,,,,,,,,
98714 r,Mn 257.610,,,,,,,,,,,,
98714 r,Mn 346.032,,,,,,,,,,,,
98714 r,Mo 202.032,,,,,,,,,,,,
98714 r,Mo 204.598,,,,,,,,,,,,
98714 r,Mo 313.259,,,,,,,,,,,,
98714 r,Na 588.995,,,,,,,,,,,,
98714 r,Na 589.592,,,,,,,,,,,,
98714 r,Ni 225.385,,,,,,,,,,,,
98714 r,Ni 227.877,,,,,,,,,,,,
98714 r,P 213.618,,,,,,,,,,,,
98714 r,P 215.294,,,,,,,,,,,,
98714 r,P 255.491,,,,,,,,,,,,
98714 r,Pb 220.353,,,,,,,,,,,,
98714 r,Pb 266.315,,,,,,,,,,,,
98714 r,Pb 363.957,,,,,,,,,,,,
98714 r,Sb 206.834,,,,,,,,,,,,
98714 r,Si 251.611,,,,,,,,,,,,
98714 r,Sn 189.925,,,,,,,,,,,,
98714 r,Ti 336.122,,,,,,,,,,,,
98714 r,V 319.068,,,,,,,,,,,,
98714 r,Zn 213.857,,,,,,,,,,,,
98714 r,Zn 472.215,,,,,,,,,,,,
,,,,,,,,,,,,,
