Label,Type,Date Time,Element,Element Label,Flags,Unadjusted Data,Concentration,Unit,Intensity,Concentration SD,Concentration %RSD,Intensity SD,Intensity %RSD,Weight,Volume,Dilution,Internal Standard,Lims ID,Customer,Customer Ref.,Sample Date Time,Sample Site,Description,Replicates,Concentration Replicate 1,Concentration Replicate 2,Concentration Replicate 3,Intensity Replicate 1,Intensity Replicate 2,Intensity Replicate 3,Flags Replicate 1,Flags Replicate 2,Flags Replicate 3
36616 A,Sample,15/01/2021 18:16:20,Ag 328.068,Ag,,0.00,0.28,ppm,52.38,0.26,92.96,19.24,36.72,0.1679,5,4.494422,-,,,,,,,3,0.26,0.54,0.03,50.96,72.3,33.9,,,
36616 A,Sample,15/01/2021 18:16:20,Al 308.215,Al,,2.51,336.11,ppm,2861.24,3.83,1.14,32.22,1.13,0.1679,5,4.494422,-,,,,,,,3,331.72,337.85,338.75,2824.3,2875.93,2883.5,,,
36616 A,Sample,15/01/2021 18:16:20,As 188.980,As,,0.02,3.05,ppm,17.01,2.22,72.59,6.52,38.34,0.1679,5,4.494422,-,,,,,,,3,1.81,5.62,1.74,13.35,24.54,13.14,,,
36616 A,Sample,15/01/2021 18:16:20,As 193.696,As,,0.06,8.20,ppm,28.95,4.79,58.43,13.01,44.94,0.1679,5,4.494422,-,,,,,,,3,6.38,13.64,4.59,24.01,43.71,19.13,,,
36616 A,Sample,15/01/2021 18:16:20,B 249.772,B,,0.02,2.14,ppm,197.44,0.08,3.57,4.96,2.51,0.1679,5,4.494422,-,,,,,,,3,2.08,2.22,2.11,193.69,203.07,195.57,,,
36616 A,Sample,15/01/2021 18:16:20,Ca 422.673,Ca,o,796.77,106641.21,ppm,3669043.45,1746.30,1.64,60079.91,1.64,0.1679,5,4.494422,-,,,,,,,3,105244.31,106080.26,108599.05,3620984.5,3649744.55,3736401.31,o,o,o
,,,,,,,,,,,,,,,,,,,,,,,,,,,,,,,,,
36616 B,Sample,15/01/2021 18:17:58,Ag 328.068,Ag,u,0.00,-0.25,ppm,13.08,0.09,37.17,6.92,52.90,0.1685,5,4.517832,-,,,,,,,3,-0.14,-0.29,-0.31,21.02,9.87,8.35,u,u,u
36616 B,Sample,15/01/2021 18:17:58,Al 308.215,Al,,3.93,526.37,ppm,4454.89,1.35,0.26,11.32,0.25,0.1685,5,4.517832,-,,,,,,,3,527.43,524.85,526.83,4463.78,4442.15,4458.75,,,
36616 B,Sample,15/01/2021 18:17:58,As 188.980,As,,0.04,4.79,ppm,22.08,2.35,49.10,6.9,31.25,0.1685,5,4.517832,-,,,,,,,3,7.48,3.16,3.72,29.99,17.31,18.93,,,
36616 B,Sample,15/01/2021 18:17:58,As 193.696,As,,0.01,1.75,ppm,11.42,0.35,20.22,0.96,8.38,0.1685,5,4.517832,-,,,,,,,3,1.83,1.36,2.05,11.64,10.37,12.24,,,
36616 B,Sample,15/01/2021 18:17:58,B 249.772,B,,0.01,1.90,ppm,181.6,0.19,9.92,12.24,6.74,0.1685,5,4.517832,-,,,,,,,3,2.11,1.77,1.80,195.69,173.65,175.47,,,
36616 B,Sample,15/01/2021 18:17:58,Ca 422.673,Ca,o,788.49,105705.20,ppm,3630925.22,371.64,0.35,12765.22,0.35,0.1685,5,4.517832,-,,,,,,,3,105924.95,105276.11,105914.55,3638473.14,3616186.66,3638115.88,o,o,o
,,,,,,,,,,,,,,,,,,,,,,,,,,,,,,,,,
36617 A,Sample,15/01/2021 18:19:37,Ag 328.068,Ag,u,0.00,0.00,ppm,15.86,0.00,81.89,12.96,81.75,5.7143,5,3.549725,-,,,,,,,3,-0.01,0.00,-0.01,3.22,29.13,15.23,u,u,u
36617 A,Sample,15/01/2021 18:19:37,Al 308.215,Al,,1.65,5.13,ppm,1894.47,0.06,1.12,20.83,1.10,5.7143,5,3.549725,-,,,,,,,3,5.10,5.10,5.20,1881.12,1883.81,1918.47,,,
36617 A,Sample,15/01/2021 18:19:37,As 188.980,As,u,0.00,0.00,ppm,8.64,0.04,737.99,4.52,52.29,5.7143,5,3.549725,-,,,,,,,3,-0.03,0.04,0.00,4.7,13.57,7.65,u,,u
36617 A,Sample,15/01/2021 18:19:37,As 193.696,As,,0.04,0.13,ppm,21.89,0.07,56.68,8.62,39.37,5.7143,5,3.549725,-,,,,,,,3,0.17,0.05,0.18,26.34,11.95,27.36,,,
36617 A,Sample,15/01/2021 18:19:37,B 249.772,B,,0.04,0.11,ppm,364.72,0.01,9.90,30.35,8.32,5.7143,5,3.549725,-,,,,,,,3,0.11,0.10,0.12,358.01,338.29,397.86,,,
36617 A,Sample,15/01/2021 18:19:37,Ca 422.673,Ca,o,142.52,442.68,ppm,656417.29,1.05,0.24,1552.02,0.24,5.7143,5,3.549725,-,,,,,,,3,441.47,443.30,443.26,654625.56,657345.15,657281.18,o,o,o
,,,,,,,,,,,,,,,,,,,,,,,,,,,,,,,,,
36617 B,Sample,15/01/2021 18:21:16,Ag 328.068,Ag,u,0.00,0.00,ppm,38.96,0.01,299.20,21.76,55.84,5.7714,5,4.407214,-,,,,,,,3,0.01,0.01,-0.01,45.19,56.92,14.77,,,u
36617 B,Sample,15/01/2021 18:21:16,Al 308.215,Al,,5.49,20.95,ppm,6211.37,0.24,1.14,70.32,1.13,5.7714,5,4.407214,-,,,,,,,3,20.85,21.22,20.77,6182.54,6291.52,6160.05,,,
36617 B,Sample,15/01/2021 18:21:16,As 188.980,As,,0.01,0.06,ppm,13.74,0.06,107.80,6.16,44.84,5.7714,5,4.407214,-,,,,,,,3,0.12,0.00,0.04,20.49,8.41,12.32,,,
36617 B,Sample,15/01/2021 18:21:16,As 193.696,As,,0.01,0.04,ppm,10.76,0.04,101.81,4.15,38.54,5.7714,5,4.407214,-,,,,,,,3,0.09,0.01,0.02,15.52,7.92,8.84,,,
36617 B,Sample,15/01/2021 18:21:16,B 249.772,B,,0.04,0.15,ppm,405.39,0.00,1.46,5.07,1.25,5.7714,5,4.407214,-,,,,,,,3,0.15,0.15,0.15,410.14,405.97,400.05,,,
36617 B,Sample,15/01/2021 18:21:16,Ca 422.673,Ca,o,164.40,627.72,ppm,757179.3,5.53,0.88,6673.25,0.88,5.7714,5,4.407214,-,,,,,,,3,624.15,634.10,624.92,752872.77,764866.34,753798.8,o,o,o
,,,,,,,,,,,,,,,,,,,,,,,,,,,,,,,,,
36618 A,Sample,15/01/2021 18:26:38,Ag 328.068,Ag,u,0.00,-0.02,ppm,21.82,0.02,82.30,8.12,37.21,1.0178,5,4.6403,-,,,,,,,3,-0.03,0.00,-0.03,17.65,31.18,16.64,u,u,u
36618 A,Sample,15/01/2021 18:26:38,Al 308.215,Al,,11.52,262.67,ppm,13009.48,1.48,0.56,72.92,0.56,1.0178,5,4.6403,-,,,,,,,3,261.19,262.69,264.14,12936.11,13010.4,13081.93,,,
36618 A,Sample,15/01/2021 18:26:38,As 188.980,As,,0.03,0.68,ppm,19.74,0.20,29.68,3.48,17.62,1.0178,5,4.6403,-,,,,,,,3,0.83,0.45,0.75,22.39,15.8,21.03,,,
36618 A,Sample,15/01/2021 18:26:38,As 193.696,As,,0.03,0.63,ppm,16.75,0.48,75.17,7.57,45.17,1.0178,5,4.6403,-,,,,,,,3,0.38,1.18,0.33,12.78,25.48,12.0,,,
36618 A,Sample,15/01/2021 18:26:38,B 249.772,B,,0.08,1.73,ppm,718.9,0.02,1.36,8.99,1.25,1.0178,5,4.6403,-,,,,,,,3,1.70,1.74,1.74,708.69,725.6,722.41,,,
36618 A,Sample,15/01/2021 18:26:38,Ca 422.673,Ca,o,111.89,2550.69,ppm,515378.18,4.29,0.17,865.81,0.17,1.0178,5,4.6403,-,,,,,,,3,2553.47,2545.76,2552.85,515938.9,514381.01,515814.63,o,o,o
,,,,,,,,,,,,,,,,,,,,,,,,,,,,,,,,,
36618 B,Sample,15/01/2021 18:28:17,Ag 328.068,Ag,u,0.00,-0.01,ppm,29.29,0.04,719.79,17.26,58.92,1.0099,5,4.534866,-,,,,,,,3,0.03,-0.01,-0.04,47.0,28.35,12.53,,u,u
36618 B,Sample,15/01/2021 18:28:17,Al 308.215,Al,,12.35,277.21,ppm,13937.48,0.49,0.18,24.65,0.18,1.0099,5,4.534866,-,,,,,,,3,276.66,277.60,277.38,13909.79,13957.04,13945.62,,,
36618 B,Sample,15/01/2021 18:28:17,As 188.980,As,,0.03,0.64,ppm,19.25,0.26,40.70,4.57,23.73,1.0099,5,4.534866,-,,,,,,,3,0.71,0.86,0.35,20.48,23.07,14.19,,,
36618 B,Sample,15/01/2021 18:28:17,As 193.696,As,,0.06,1.29,ppm,27.48,0.88,68.83,14.31,52.09,1.0099,5,4.534866,-,,,,,,,3,0.62,2.29,0.94,16.75,43.74,21.96,,,
36618 B,Sample,15/01/2021 18:28:17,B 249.772,B,,0.07,1.57,ppm,666.08,0.03,1.99,12.09,1.82,1.0099,5,4.534866,-,,,,,,,3,1.53,1.58,1.58,652.14,672.38,673.72,,,
36618 B,Sample,15/01/2021 18:28:17,Ca 422.673,Ca,o,104.95,2356.32,ppm,483400.31,25.54,1.08,5237.38,1.08,1.0099,5,4.534866,-,,,,,,,3,2343.82,2385.70,2339.43,480837.8,489425.55,479937.59,o,o,o
,,,,,,,,,,,,,,,,,,,,,,,,,,,,,,,,,
36619 A,Sample,15/01/2021 18:29:56,Ag 328.068,Ag,,0.00,0.05,ppm,50.26,0.03,62.33,11.58,23.03,0.9266,5,4.72646,-,,,,,,,3,0.02,0.04,0.08,39.2,49.29,62.29,,,
36619 A,Sample,15/01/2021 18:29:56,Al 308.215,Al,,12.37,315.55,ppm,13966.34,0.98,0.31,43.14,0.31,0.9266,5,4.72646,-,,,,,,,3,315.97,316.25,314.44,13984.68,13997.27,13917.05,,,
36619 A,Sample,15/01/2021 18:29:56,As 188.980,As,,0.06,1.53,ppm,31.71,0.30,19.44,4.61,14.52,0.9266,5,4.72646,-,,,,,,,3,1.40,1.88,1.33,29.64,36.99,28.51,,,
36619 A,Sample,15/01/2021 18:29:56,As 193.696,As,u,0.02,0.51,ppm,13.98,0.57,111.41,8.12,58.12,0.9266,5,4.72646,-,,,,,,,3,-0.14,0.77,0.91,4.67,17.64,19.62,u,,
36619 A,Sample,15/01/2021 18:29:56,B 249.772,B,,0.10,2.43,ppm,888.61,0.05,1.94,16.1,1.81,0.9266,5,4.72646,-,,,,,,,3,2.46,2.37,2.45,899.09,870.07,896.66,,,
36619 A,Sample,15/01/2021 18:29:56,Ca 422.673,Ca,o,68.46,1746.06,ppm,315385.23,7.13,0.41,1287.8,0.41,0.9266,5,4.72646,-,,,,,,,3,1738.66,1746.63,1752.89,314049.21,315487.8,316618.67,o,o,o
,,,,,,,,,,,,,,,,,,,,,,,,,,,,,,,,,
36619 B,Sample,15/01/2021 18:31:35,Ag 328.068,Ag,u,0.00,0.00,ppm,33.31,0.04,993.65,16.08,48.28,0.9283,5,4.64276,-,,,,,,,3,0.05,-0.03,0.00,50.84,19.24,29.84,,u,u
36619 B,Sample,15/01/2021 18:31:35,Al 308.215,Al,,14.88,372.23,ppm,16795.67,2.48,0.67,111.61,0.66,0.9283,5,4.64276,-,,,,,,,3,373.48,373.83,369.37,16852.05,16867.85,16667.13,,,
36619 B,Sample,15/01/2021 18:31:35,As 188.980,As,,0.06,1.41,ppm,30.28,0.09,6.35,1.41,4.67,0.9283,5,4.64276,-,,,,,,,3,1.35,1.37,1.52,29.28,29.66,31.9,,,
36619 B,Sample,15/01/2021 18:31:35,As 193.696,As,,0.06,1.55,ppm,29.26,0.43,27.62,6.24,21.31,0.9283,5,4.64276,-,,,,,,,3,1.87,1.07,1.73,33.82,22.16,31.82,,,
36619 B,Sample,15/01/2021 18:31:35,B 249.772,B,,0.10,2.42,ppm,901.14,0.05,2.13,17.91,1.99,0.9283,5,4.64276,-,,,,,,,3,2.47,2.40,2.37,920.85,896.72,885.85,,,
36619 B,Sample,15/01/2021 18:31:35,Ca 422.673,Ca,o,79.70,1993.01,ppm,367131.05,2.93,0.15,538.72,0.15,0.9283,5,4.64276,-,,,,,,,3,1992.97,1990.11,1995.96,367122.6,366596.6,367673.94,o,o,o
,,,,,,,,,,,,,,,,,,,,,,,,,,,,,,,,,
36620 A,Sample,15/01/2021 18:35:28,Ag 328.068,Ag,u,0.00,-0.01,ppm,22.58,0.01,94.80,8.63,38.23,0.533795,1,4.992348,-,,,,,,,3,0.00,-0.01,-0.02,31.97,20.8,14.98,,u,u
36620 A,Sample,15/01/2021 18:35:28,Al 308.215,Al,,0.52,4.82,ppm,613.54,0.03,0.55,3.18,0.52,0.533795,1,4.992348,-,,,,,,,3,4.84,4.82,4.79,616.61,613.74,610.26,,,
36620 A,Sample,15/01/2021 18:35:28,As 188.980,As,,0.04,0.34,ppm,22.39,0.23,67.98,9.76,43.61,0.533795,1,4.992348,-,,,,,,,3,0.55,0.09,0.39,31.01,11.78,24.38,,,
36620 A,Sample,15/01/2021 18:35:28,As 193.696,As,u,0.01,0.05,ppm,8.58,0.08,158.16,3.0,34.99,0.533795,1,4.992348,-,,,,,,,3,-0.04,0.08,0.10,5.15,9.91,10.69,u,,
36620 A,Sample,15/01/2021 18:35:28,B 249.772,B,,0.01,0.12,ppm,168.29,0.01,5.68,6.24,3.71,0.533795,1,4.992348,-,,,,,,,3,0.12,0.11,0.12,171.06,161.14,172.66,,,
36620 A,Sample,15/01/2021 18:35:28,Ca 422.673,Ca,o,51.73,483.82,ppm,238346.18,5.18,1.07,2549.64,1.07,0.533795,1,4.992348,-,,,,,,,3,477.84,486.78,486.83,235402.14,239805.38,239831.01,o,o,o
,,,,,,,,,,,,,,,,,,,,,,,,,,,,,,,,,
36620 B,Sample,15/01/2021 18:37:07,Ag 328.068,Ag,u,0.00,0.00,ppm,31.13,0.02,3021.83,17.04,54.74,0.534936,1,4.977984,-,,,,,,,3,-0.02,0.01,0.01,11.5,39.71,42.17,u,,
36620 B,Sample,15/01/2021 18:37:07,Al 308.215,Al,,0.58,5.44,ppm,691.41,0.16,2.88,18.95,2.74,0.534936,1,4.977984,-,,,,,,,3,5.29,5.60,5.42,673.76,711.43,689.02,,,
36620 B,Sample,15/01/2021 18:37:07,As 188.980,As,,0.03,0.30,ppm,20.65,0.06,19.50,2.46,11.93,0.534936,1,4.977984,-,,,,,,,3,0.25,0.36,0.29,18.49,23.34,20.14,,,
36620 B,Sample,15/01/2021 18:37:07,As 193.696,As,u,0.00,-0.04,ppm,5.11,0.09,215.86,3.4,66.57,0.534936,1,4.977984,-,,,,,,,3,-0.10,-0.08,0.06,2.64,3.69,8.99,u,u,
36620 B,Sample,15/01/2021 18:37:07,B 249.772,B,,0.01,0.12,ppm,171.42,0.01,4.27,4.83,2.82,0.534936,1,4.977984,-,,,,,,,3,0.12,0.13,0.12,169.92,176.82,167.51,,,
36620 B,Sample,15/01/2021 18:37:07,Ca 422.673,Ca,o,57.28,533.04,ppm,263900.46,2.37,0.45,1174.01,0.44,0.534936,1,4.977984,-,,,,,,,3,535.15,533.50,530.47,264943.49,264128.84,262629.04,o,o,o
,,,,,,,,,,,,,,,,,,,,,,,,,,,,,,,,,
36621 A,Sample,15/01/2021 18:38:46,Ag 328.068,Ag,u,0.00,0.00,ppm,28.62,0.01,247.03,7.59,26.51,0.595894,1,4.950991,-,,,,,,,3,0.00,0.00,-0.01,31.14,34.62,20.09,u,,u
36621 A,Sample,15/01/2021 18:38:46,Al 308.215,Al,,3.18,26.41,ppm,3612.95,0.23,0.86,30.94,0.86,0.595894,1,4.950991,-,,,,,,,3,26.47,26.60,26.16,3621.02,3639.06,3578.77,,,
36621 A,Sample,15/01/2021 18:38:46,As 188.980,As,,0.03,0.28,ppm,21.27,0.11,39.95,5.29,24.88,0.595894,1,4.950991,-,,,,,,,3,0.39,0.17,0.28,26.46,15.89,21.47,,,
36621 A,Sample,15/01/2021 18:38:46,As 193.696,As,,0.02,0.19,ppm,14.89,0.05,26.66,2.19,14.69,0.595894,1,4.950991,-,,,,,,,3,0.19,0.24,0.14,15.03,17.01,12.64,,,
36621 A,Sample,15/01/2021 18:38:46,B 249.772,B,,0.05,0.43,ppm,504.81,0.01,1.54,6.88,1.36,0.595894,1,4.950991,-,,,,,,,3,0.42,0.43,0.43,496.87,509.0,508.55,,,
36621 A,Sample,15/01/2021 18:38:46,Ca 422.673,Ca,,38.45,319.44,ppm,177178.17,1.08,0.34,599.7,0.34,0.595894,1,4.950991,-,,,,,,,3,320.55,319.37,318.39,177795.09,177142.1,176597.32,,,
,,,,,,,,,,,,,,,,,,,,,,,,,,,,,,,,,
36621 B,Sample,15/01/2021 18:40:25,Ag 328.068,Ag,,0.00,0.01,ppm,42.97,0.01,104.79,11.82,27.51,0.594853,1,5.298622,-,,,,,,,3,0.02,0.01,0.00,56.53,37.59,34.8,,,
36621 B,Sample,15/01/2021 18:40:25,Al 308.215,Al,,5.93,52.79,ppm,6707.4,0.31,0.59,39.14,0.58,0.594853,1,5.298622,-,,,,,,,3,52.53,52.70,53.13,6675.04,6696.25,6750.9,,,
36621 B,Sample,15/01/2021 18:40:25,As 188.980,As,,0.04,0.36,ppm,24.11,0.14,39.49,6.35,26.35,0.594853,1,5.298622,-,,,,,,,3,0.20,0.44,0.46,16.8,27.28,28.27,,,
36621 B,Sample,15/01/2021 18:40:25,As 193.696,As,,0.02,0.18,ppm,14.14,0.17,91.99,6.86,48.49,0.594853,1,5.298622,-,,,,,,,3,0.38,0.09,0.08,22.05,10.27,10.09,,,
36621 B,Sample,15/01/2021 18:40:25,B 249.772,B,,0.09,0.81,ppm,853.64,0.01,0.94,7.48,0.88,0.594853,1,5.298622,-,,,,,,,3,0.82,0.80,0.82,857.54,845.01,858.36,,,
36621 B,Sample,15/01/2021 18:40:25,Ca 422.673,Ca,o,53.75,478.81,ppm,247661.34,2.27,0.47,1175.62,0.47,0.594853,1,5.298622,-,,,,,,,3,476.43,480.96,479.05,246428.84,248770.32,247784.86,o,o,o
,,,,,,,,,,,,,,,,,,,,,,,,,,,,,,,,,
36622 A,Sample,15/01/2021 18:46:19,Ag 328.068,Ag,u,0.00,0.00,ppm,30.62,0.01,936.28,10.06,32.85,0.691179,1,4.929721,-,,,,,,,3,0.01,0.00,-0.01,40.79,30.38,20.68,,u,u
36622 A,Sample,15/01/2021 18:46:19,Al 308.215,Al,,0.86,6.12,ppm,999.14,0.18,2.95,28.47,2.85,0.691179,1,4.929721,-,,,,,,,3,6.24,6.20,5.91,1018.51,1012.47,966.45,,,
36622 A,Sample,15/01/2021 18:46:19,As 188.980,As,,0.02,0.15,ppm,16.44,0.09,56.85,4.79,29.10,0.691179,1,4.929721,-,,,,,,,3,0.21,0.05,0.19,19.76,10.96,18.62,,,
36622 A,Sample,15/01/2021 18:46:19,As 193.696,As,,0.02,0.16,ppm,14.84,0.10,65.21,5.32,35.83,0.691179,1,4.929721,-,,,,,,,3,0.08,0.28,0.13,10.57,20.8,13.15,,,
36622 A,Sample,15/01/2021 18:46:19,B 249.772,B,,0.02,0.17,ppm,263.58,0.01,4.12,8.46,3.21,0.691179,1,4.929721,-,,,,,,,3,0.17,0.16,0.17,267.74,253.84,269.14,,,
36622 A,Sample,15/01/2021 18:46:19,Ca 422.673,Ca,o,115.67,825.01,ppm,532777.35,8.74,1.06,5645.4,1.06,0.691179,1,4.929721,-,,,,,,,3,833.47,816.01,825.55,538241.6,526966.74,533123.71,o,o,o
,,,,,,,,,,,,,,,,,,,,,,,,,,,,,,,,,
36622 B,Sample,15/01/2021 18:47:58,Ag 328.068,Ag,u,0.00,0.00,ppm,32.34,0.01,1443.89,9.39,29.03,0.689593,1,4.948373,-,,,,,,,3,0.00,0.01,-0.01,36.68,38.77,21.57,,,u
36622 B,Sample,15/01/2021 18:47:58,Al 308.215,Al,,0.97,6.96,ppm,1125.26,0.06,0.93,10.2,0.91,0.689593,1,4.948373,-,,,,,,,3,6.99,6.88,7.00,1129.95,1113.56,1132.26,,,
36622 B,Sample,15/01/2021 18:47:58,As 188.980,As,,0.04,0.27,ppm,22.91,0.14,51.30,7.64,33.33,0.689593,1,4.948373,-,,,,,,,3,0.43,0.19,0.19,31.73,18.37,18.64,,,
36622 B,Sample,15/01/2021 18:47:58,As 193.696,As,,0.02,0.14,ppm,13.87,0.03,23.44,1.68,12.14,0.689593,1,4.948373,-,,,,,,,3,0.16,0.10,0.16,15.02,11.93,14.64,,,
36622 B,Sample,15/01/2021 18:47:58,B 249.772,B,,0.04,0.32,ppm,440.99,0.01,1.82,6.97,1.58,0.689593,1,4.948373,-,,,,,,,3,0.31,0.31,0.32,440.55,434.25,448.17,,,
36622 B,Sample,15/01/2021 18:47:58,Ca 422.673,Ca,o,84.44,605.93,ppm,388968.85,1.16,0.19,745.64,0.19,0.689593,1,4.948373,-,,,,,,,3,607.06,606.00,604.74,389692.25,389011.5,388202.8,o,o,o
,,,,,,,,,,,,,,,,,,,,,,,,,,,,,,,,,
36623 A,Sample,15/01/2021 18:49:37,Ag 328.068,Ag,u,0.00,0.00,ppm,28.74,0.01,436.23,12.89,44.84,0.536256,1,5.918523,-,,,,,,,3,0.00,-0.02,0.01,34.12,14.03,38.06,,u,
36623 A,Sample,15/01/2021 18:49:37,Al 308.215,Al,,2.59,28.57,ppm,2948.15,0.05,0.16,4.77,0.16,0.536256,1,5.918523,-,,,,,,,3,28.54,28.62,28.54,2945.33,2953.66,2945.46,,,
36623 A,Sample,15/01/2021 18:49:37,As 188.980,As,,0.02,0.26,ppm,17.15,0.17,65.74,6.0,34.97,0.536256,1,5.918523,-,,,,,,,3,0.09,0.42,0.25,11.18,23.17,17.09,,,
36623 A,Sample,15/01/2021 18:49:37,As 193.696,As,,0.03,0.30,ppm,16.53,0.25,83.60,8.23,49.79,0.536256,1,5.918523,-,,,,,,,3,0.12,0.58,0.20,10.47,25.9,13.22,,,
36623 A,Sample,15/01/2021 18:49:37,B 249.772,B,,0.05,0.50,ppm,451.5,0.01,1.31,5.17,1.14,0.536256,1,5.918523,-,,,,,,,3,0.50,0.50,0.49,456.68,451.49,446.34,,,
36623 A,Sample,15/01/2021 18:49:37,Ca 422.673,Ca,,33.53,370.03,ppm,154523.85,1.72,0.47,718.79,0.47,0.536256,1,5.918523,-,,,,,,,3,371.63,370.26,368.21,155190.64,154618.47,153762.43,,,
,,,,,,,,,,,,,,,,,,,,,,,,,,,,,,,,,
36623 B,Sample,15/01/2021 18:51:16,Ag 328.068,Ag,u,0.00,0.00,ppm,35.75,0.01,302.09,12.27,34.31,0.536471,1,5.407574,-,,,,,,,3,0.01,-0.01,0.01,40.75,21.78,44.73,,u,
36623 B,Sample,15/01/2021 18:51:16,Al 308.215,Al,,3.42,34.47,ppm,3884.45,0.14,0.42,16.12,0.41,0.536471,1,5.407574,-,,,,,,,3,34.58,34.31,34.53,3896.35,3866.1,3890.89,,,
36623 B,Sample,15/01/2021 18:51:16,As 188.980,As,,0.03,0.29,ppm,19.29,0.11,39.70,4.47,23.19,0.536471,1,5.407574,-,,,,,,,3,0.23,0.22,0.42,17.0,16.43,24.45,,,
36623 B,Sample,15/01/2021 18:51:16,As 193.696,As,,0.06,0.58,ppm,27.53,0.17,28.66,5.98,21.70,0.536471,1,5.407574,-,,,,,,,3,0.73,0.40,0.61,32.87,21.08,28.65,,,
36623 B,Sample,15/01/2021 18:51:16,B 249.772,B,,0.05,0.47,ppm,465.93,0.02,3.77,15.35,3.30,0.536471,1,5.407574,-,,,,,,,3,0.46,0.49,0.46,459.99,483.37,454.43,,,
36623 B,Sample,15/01/2021 18:51:16,Ca 422.673,Ca,,38.07,383.76,ppm,175449.28,1.98,0.52,905.08,0.52,0.536471,1,5.407574,-,,,,,,,3,384.82,381.47,384.98,175933.94,174405.07,176008.82,,,
,,,,,,,,,,,,,,,,,,,,,,,,,,,,,,,,,
36624 A,Sample,15/01/2021 18:55:41,Ag 328.068,Ag,u,0.00,-0.01,ppm,25.06,0.01,178.96,11.86,47.32,0.602708,1,4.838228,-,,,,,,,3,-0.01,0.00,0.00,12.93,36.62,25.64,u,,u
36624 A,Sample,15/01/2021 18:55:41,Al 308.215,Al,,0.93,7.50,ppm,1085.61,0.12,1.63,17.11,1.58,0.602708,1,4.838228,-,,,,,,,3,7.64,7.41,7.45,1105.04,1072.84,1078.94,,,
36624 A,Sample,15/01/2021 18:55:41,As 188.980,As,u,0.02,0.14,ppm,14.86,0.18,129.87,8.87,59.73,0.602708,1,4.838228,-,,,,,,,3,0.14,0.32,-0.04,14.92,23.7,5.95,,,u
36624 A,Sample,15/01/2021 18:55:41,As 193.696,As,,0.02,0.17,ppm,14.43,0.10,59.72,4.63,32.05,0.602708,1,4.838228,-,,,,,,,3,0.08,0.14,0.28,10.51,13.24,19.53,,,
36624 A,Sample,15/01/2021 18:55:41,B 249.772,B,,0.02,0.12,ppm,192.32,0.01,7.04,9.44,4.91,0.602708,1,4.838228,-,,,,,,,3,0.12,0.11,0.13,192.79,182.65,201.51,,,
36624 A,Sample,15/01/2021 18:55:41,Ca 422.673,Ca,o,100.02,802.87,ppm,460684.48,2.67,0.33,1531.43,0.33,0.602708,1,4.838228,-,,,,,,,3,800.85,805.90,801.87,459522.72,462419.93,460110.8,o,o,o
,,,,,,,,,,,,,,,,,,,,,,,,,,,,,,,,,
36624 B,Sample,15/01/2021 18:57:20,Ag 328.068,Ag,,0.00,0.01,ppm,37.71,0.00,76.71,4.61,12.24,0.604277,1,5.252012,-,,,,,,,3,0.01,0.00,0.01,38.06,32.93,42.14,,,
36624 B,Sample,15/01/2021 18:57:20,Al 308.215,Al,,0.30,2.58,ppm,368.04,0.09,3.49,11.67,3.17,0.604277,1,5.252012,-,,,,,,,3,2.49,2.59,2.67,355.79,369.31,379.03,,,
36624 B,Sample,15/01/2021 18:57:20,As 188.980,As,,0.03,0.28,ppm,20.77,0.17,59.57,7.59,36.55,0.604277,1,5.252012,-,,,,,,,3,0.11,0.44,0.29,12.93,28.08,21.28,,,
36624 B,Sample,15/01/2021 18:57:20,As 193.696,As,,0.04,0.31,ppm,19.45,0.01,3.63,0.46,2.39,0.604277,1,5.252012,-,,,,,,,3,0.32,0.31,0.29,19.88,19.52,18.96,,,
36624 B,Sample,15/01/2021 18:57:20,B 249.772,B,,0.01,0.12,ppm,177.89,0.01,6.88,8.23,4.63,0.604277,1,5.252012,-,,,,,,,3,0.11,0.12,0.13,170.47,176.44,186.74,,,
36624 B,Sample,15/01/2021 18:57:20,Ca 422.673,Ca,o,93.03,808.60,ppm,428539.04,3.87,0.48,2049.55,0.48,0.604277,1,5.252012,-,,,,,,,3,811.44,810.17,804.20,430042.49,429370.14,426204.47,o,o,o
,,,,,,,,,,,,,,,,,,,,,,,,,,,,,,,,,
36465 A,Sample,15/01/2021 18:58:59,Ag 328.068,Ag,u,0.00,-0.17,ppm,27.82,0.57,340.62,13.18,47.35,0.0566,5,4.941548,-,,,,,,,3,0.49,-0.47,-0.52,43.02,20.79,19.65,,u,u
36465 A,Sample,15/01/2021 18:58:59,Al 308.215,Al,,11.78,5143.86,ppm,13302.96,24.06,0.47,62.06,0.47,0.0566,5,4.941548,-,,,,,,,3,5126.03,5171.22,5134.33,13256.96,13373.55,13278.37,,,
36465 A,Sample,15/01/2021 18:58:59,As 188.980,As,,0.04,16.99,ppm,23.35,4.82,28.38,4.35,18.62,0.0566,5,4.941548,-,,,,,,,3,18.58,20.83,11.58,24.77,26.8,18.47,,,
36465 A,Sample,15/01/2021 18:58:59,As 193.696,As,,0.05,22.18,ppm,25.14,2.26,10.18,1.88,7.47,0.0566,5,4.941548,-,,,,,,,3,24.39,19.88,22.27,26.98,23.22,25.21,,,
36465 A,Sample,15/01/2021 18:58:59,B 249.772,B,,0.19,81.11,ppm,1678.1,0.76,0.94,15.15,0.90,0.0566,5,4.941548,-,,,,,,,3,80.86,81.96,80.51,1673.08,1695.12,1666.09,,,
36465 A,Sample,15/01/2021 18:58:59,Ca 422.673,Ca,o,150.21,65570.35,ppm,691803.26,984.74,1.50,10387.46,1.50,0.0566,5,4.941548,-,,,,,,,3,64572.38,66541.30,65597.36,681276.27,702045.33,692088.19,o,o,o
,,,,,,,,,,,,,,,,,,,,,,,,,,,,,,,,,
36465 B,Sample,15/01/2021 19:00:38,Ag 328.068,Ag,u,0.00,-0.71,ppm,14.73,0.64,89.63,15.21,> 100.00,0.0548,5,4.636632,-,,,,,,,3,-1.11,-1.05,0.02,5.19,6.72,32.26,u,u,
36465 B,Sample,15/01/2021 19:00:38,Al 308.215,Al,,10.24,4333.53,ppm,11568.81,20.85,0.48,55.51,0.48,0.0548,5,4.636632,-,,,,,,,3,4326.16,4317.37,4357.07,11549.19,11525.78,11631.47,,,
36465 B,Sample,15/01/2021 19:00:38,As 188.980,As,,0.03,12.78,ppm,19.92,6.32,49.42,5.88,29.51,0.0548,5,4.636632,-,,,,,,,3,17.41,5.59,15.36,24.22,13.22,22.32,,,
36465 B,Sample,15/01/2021 19:00:38,As 193.696,As,,0.02,8.53,ppm,14.01,2.19,25.70,1.88,13.43,0.0548,5,4.636632,-,,,,,,,3,7.63,11.02,6.92,13.24,16.15,12.63,,,
36465 B,Sample,15/01/2021 19:00:38,B 249.772,B,,0.17,73.43,ppm,1571.44,0.83,1.13,17.17,1.09,0.0548,5,4.636632,-,,,,,,,3,73.34,72.64,74.30,1569.54,1555.29,1589.48,,,
36465 B,Sample,15/01/2021 19:00:38,Ca 422.673,Ca,o,140.05,59247.06,ppm,645019.36,468.20,0.79,5096.17,0.79,0.0548,5,4.636632,-,,,,,,,3,59307.10,58751.73,59682.34,645672.88,639627.95,649757.24,o,o,o
,,,,,,,,,,,,,,,,,,,,,,,,,,,,,,,,,
98688 A,Sample,15/01/2021 20:26:16,Ag 328.068,Ag,u,0.00,-0.39,ppm,23.42,0.47,121.29,10.03,42.84,0.0498,5,4.722864,-,,,,,,,3,-0.93,-0.17,-0.07,11.9,28.08,30.27,u,u,u
98688 A,Sample,15/01/2021 20:26:16,Al 308.215,Al,,0.22,103.93,ppm,280.11,6.91,6.65,16.42,5.86,0.0498,5,4.722864,-,,,,,,,3,98.84,111.80,101.15,268.02,298.8,273.52,,,
98688 A,Sample,15/01/2021 20:26:16,As 188.980,As,,0.04,20.10,ppm,24.71,8.04,40.02,6.68,27.02,0.0498,5,4.722864,-,,,,,,,3,13.77,17.37,29.15,19.46,22.44,32.22,,,
98688 A,Sample,15/01/2021 20:26:16,As 193.696,As,,0.03,16.22,ppm,19.11,10.06,62.07,7.71,40.35,0.0498,5,4.722864,-,,,,,,,3,25.40,5.46,17.79,26.14,10.87,20.31,,,
98688 A,Sample,15/01/2021 20:26:16,B 249.772,B,u,0.00,-0.25,ppm,53.73,0.34,137.89,6.29,11.71,0.0498,5,4.722864,-,,,,,,,3,-0.64,-0.10,0.00,46.55,56.39,58.25,u,u,u
98688 A,Sample,15/01/2021 20:26:16,Ca 422.673,Ca,,1.94,921.93,ppm,9091.67,6.48,0.70,62.89,0.69,0.0498,5,4.722864,-,,,,,,,3,922.19,928.28,915.33,9094.15,9153.28,9027.57,,,
,,,,,,,,,,,,,,,,,,,,,,,,,,,,,,,,,
98688 B,Sample,15/01/2021 20:27:55,Ag 328.068,Ag,u,0.00,-0.08,ppm,29.86,0.57,736.32,13.46,45.06,0.053,5,4.485491,-,,,,,,,3,-0.59,0.53,-0.17,17.62,44.27,27.69,u,,u
98688 B,Sample,15/01/2021 20:27:55,Al 308.215,Al,,0.09,39.91,ppm,139.51,7.37,18.47,19.61,14.06,0.053,5,4.485491,-,,,,,,,3,31.57,42.63,45.53,117.3,146.74,154.47,,,
98688 B,Sample,15/01/2021 20:27:55,As 188.980,As,u,0.02,7.03,ppm,14.56,11.14,158.46,10.36,71.14,0.053,5,4.485491,-,,,,,,,3,18.99,-3.06,5.16,25.68,5.18,12.82,,u,
98688 B,Sample,15/01/2021 20:27:55,As 193.696,As,u,0.02,8.85,ppm,14.28,14.67,165.83,12.6,88.20,0.053,5,4.485491,-,,,,,,,3,-4.85,7.07,24.33,2.52,12.75,27.57,u,,
98688 B,Sample,15/01/2021 20:27:55,B 249.772,B,u,0.00,0.12,ppm,60.83,0.27,217.16,5.51,9.06,0.053,5,4.485491,-,,,,,,,3,0.38,-0.16,0.15,66.04,55.07,61.38,,u,
98688 B,Sample,15/01/2021 20:27:55,Ca 422.673,Ca,,1.52,643.69,ppm,7143.39,4.76,0.74,51.82,0.73,0.053,5,4.485491,-,,,,,,,3,638.20,646.76,646.11,7083.69,7176.78,7169.69,,,
,,,,,,,,,,,,,,,,,,,,,,,,,,,,,,,,,
98693 A,Sample,15/01/2021 20:29:34,Ag 328.068,Ag,u,0.00,0.87,ppm,48.65,1.30,150.63,25.54,52.51,0.0502,5,5.152682,-,,,,,,,3,-0.15,2.33,0.41,28.69,77.43,39.81,u,,
98693 A,Sample,15/01/2021 20:29:34,Al 308.215,Al,,0.83,426.35,ppm,968.82,6.68,1.57,14.66,1.51,0.0502,5,5.152682,-,,,,,,,3,432.56,419.29,427.20,982.45,953.32,970.68,,,
98693 A,Sample,15/01/2021 20:29:34,As 188.980,As,,0.02,7.77,ppm,13.98,4.57,58.80,3.5,25.05,0.0502,5,5.152682,-,,,,,,,3,4.16,6.24,12.91,11.22,12.81,17.92,,,
98693 A,Sample,15/01/2021 20:29:34,As 193.696,As,u,0.01,2.59,ppm,8.52,8.27,318.88,5.85,68.70,0.0502,5,5.152682,-,,,,,,,3,9.20,-6.68,5.26,13.2,1.96,10.41,,u,
98693 A,Sample,15/01/2021 20:29:34,B 249.772,B,,0.03,16.46,ppm,337.82,0.38,2.29,6.39,1.89,0.0502,5,5.152682,-,,,,,,,3,16.49,16.06,16.81,338.48,331.12,343.85,,,
98693 A,Sample,15/01/2021 20:29:34,Ca 422.673,Ca,o,302.88,155443.10,ppm,1394824.58,1149.55,0.74,10314.14,0.74,0.0502,5,5.152682,-,,,,,,,3,156350.22,155828.78,154150.31,1402963.53,1398285.02,1383225.18,o,o,o
,,,,,,,,,,,,,,,,,,,,,,,,,,,,,,,,,
98693 B,Sample,15/01/2021 20:31:12,Ag 328.068,Ag,u,0.00,0.06,ppm,33.1,0.45,723.61,10.17,30.73,0.052,5,4.603646,-,,,,,,,3,0.50,-0.40,0.08,43.02,22.7,33.57,,u,
98693 B,Sample,15/01/2021 20:31:12,Al 308.215,Al,,1.30,575.29,ppm,1496.85,2.99,0.52,7.61,0.51,0.052,5,4.603646,-,,,,,,,3,573.70,578.75,573.44,1492.79,1505.63,1492.13,,,
98693 B,Sample,15/01/2021 20:31:12,As 188.980,As,,0.02,8.69,ppm,15.75,7.95,91.46,7.07,44.86,0.052,5,4.603646,-,,,,,,,3,4.76,17.83,3.47,12.26,23.88,11.11,,,
98693 B,Sample,15/01/2021 20:31:12,As 193.696,As,,0.01,5.64,ppm,11.31,3.33,59.00,2.73,24.13,0.052,5,4.603646,-,,,,,,,3,1.88,6.85,8.19,8.22,12.31,13.4,,,
98693 B,Sample,15/01/2021 20:31:12,B 249.772,B,,0.03,15.26,ppm,358.87,0.11,0.69,2.08,0.58,0.052,5,4.603646,-,,,,,,,3,15.26,15.37,15.16,358.92,360.93,356.77,,,
98693 B,Sample,15/01/2021 20:31:12,Ca 422.673,Ca,o,325.36,144025.25,ppm,1498355.35,1390.59,0.97,14465.57,0.97,0.052,5,4.603646,-,,,,,,,3,143223.43,143221.35,145630.96,1490014.5,1489992.8,1515058.75,o,o,o
,,,,,,,,,,,,,,,,,,,,,,,,,,,,,,,,,
36621 A r,Sample,15/01/2021 19:05:34,Ag 328.068,Ag,u,0.00,-0.01,ppm,20.81,0.01,125.15,13.62,65.44,0.532702,1,5.670151,-,,,,,,,3,-0.03,0.00,0.00,5.16,27.36,29.91,u,u,u
36621 A r,Sample,15/01/2021 19:05:34,Al 308.215,Al,,3.78,40.29,ppm,4295.56,0.10,0.26,11.09,0.26,0.532702,1,5.670151,-,,,,,,,3,40.41,40.24,40.21,4308.24,4290.82,4287.63,,,
36621 A r,Sample,15/01/2021 19:05:34,As 188.980,As,,0.04,0.39,ppm,22.27,0.30,77.75,11.07,49.73,0.532702,1,5.670151,-,,,,,,,3,0.66,0.43,0.07,32.38,23.99,10.43,,,
36621 A r,Sample,15/01/2021 19:05:34,As 193.696,As,,0.04,0.44,ppm,21.6,0.33,76.38,11.39,52.73,0.532702,1,5.670151,-,,,,,,,3,0.06,0.57,0.68,8.62,26.25,29.93,,,
36621 A r,Sample,15/01/2021 19:05:34,B 249.772,B,,0.05,0.49,ppm,458.47,0.01,2.80,11.21,2.45,0.532702,1,5.670151,-,,,,,,,3,0.48,0.50,0.48,449.2,470.93,455.27,,,
36621 A r,Sample,15/01/2021 19:05:34,Ca 422.673,Ca,,36.59,389.49,ppm,168636.88,2.09,0.54,905.13,0.54,0.532702,1,5.670151,-,,,,,,,3,390.12,387.16,391.20,168906.64,167627.55,169376.47,,,
,,,,,,,,,,,,,,,,,,,,,,,,,,,,,,,,,
36621 B r,Sample,15/01/2021 19:07:13,Ag 328.068,Ag,u,0.00,-0.01,ppm,17.7,0.01,97.55,13.65,77.11,0.532702,1,5.319115,-,,,,,,,3,0.00,-0.02,-0.02,33.42,10.76,8.92,,u,u
36621 B r,Sample,15/01/2021 19:07:13,Al 308.215,Al,,4.42,44.18,ppm,5015.64,0.06,0.14,7.04,0.14,0.532702,1,5.319115,-,,,,,,,3,44.13,44.25,44.16,5009.89,5023.49,5013.53,,,
36621 B r,Sample,15/01/2021 19:07:13,As 188.980,As,,0.04,0.37,ppm,22.65,0.30,80.20,11.73,51.78,0.532702,1,5.319115,-,,,,,,,3,0.67,0.08,0.36,34.59,11.15,22.2,,,
36621 B r,Sample,15/01/2021 19:07:13,As 193.696,As,u,0.01,0.08,ppm,9.42,0.22,295.47,8.07,85.72,0.532702,1,5.319115,-,,,,,,,3,-0.15,0.08,0.30,1.29,9.54,17.43,u,,
36621 B r,Sample,15/01/2021 19:07:13,B 249.772,B,,0.05,0.54,ppm,530.95,0.01,2.45,11.6,2.18,0.532702,1,5.319115,-,,,,,,,3,0.54,0.55,0.53,533.88,540.81,518.17,,,
36621 B r,Sample,15/01/2021 19:07:13,Ca 422.673,Ca,,42.64,425.77,ppm,196483.94,2.44,0.57,1123.09,0.57,0.532702,1,5.319115,-,,,,,,,3,427.18,427.16,422.95,197135.76,197128.95,195187.11,,,
,,,,,,,,,,,,,,,,,,,,,,,,,,,,,,,,,
36622 A R,Sample,15/01/2021 19:12:35,Ag 328.068,Ag,u,0.00,-0.01,ppm,23.9,0.01,231.47,18.04,75.48,0.648425,1,4.432862,-,,,,,,,3,-0.02,0.00,0.00,3.36,31.14,37.19,u,u,
36622 A R,Sample,15/01/2021 19:12:35,Al 308.215,Al,,0.43,2.95,ppm,518.59,0.12,4.06,19.69,3.80,0.648425,1,4.432862,-,,,,,,,3,2.93,3.07,2.84,516.03,539.43,500.3,,,
36622 A R,Sample,15/01/2021 19:12:35,As 188.980,As,,0.03,0.18,ppm,18.12,0.00,1.39,0.14,0.77,0.648425,1,4.432862,-,,,,,,,3,0.18,0.18,0.17,18.15,18.23,17.96,,,
36622 A R,Sample,15/01/2021 19:12:35,As 193.696,As,,0.01,0.05,ppm,9.56,0.02,44.27,1.27,13.30,0.648425,1,4.432862,-,,,,,,,3,0.08,0.06,0.03,10.68,9.81,8.18,,,
36622 A R,Sample,15/01/2021 19:12:35,B 249.772,B,,0.01,0.09,ppm,175.84,0.01,12.76,15.0,8.53,0.648425,1,4.432862,-,,,,,,,3,0.08,0.10,0.10,159.11,180.33,188.07,,,
36622 A R,Sample,15/01/2021 19:12:35,Ca 422.673,Ca,o,77.92,532.68,ppm,358930.79,2.31,0.43,1559.03,0.43,0.648425,1,4.432862,-,,,,,,,3,533.54,530.05,534.44,359510.57,357164.93,360116.86,o,o,o
,,,,,,,,,,,,,,,,,,,,,,,,,,,,,,,,,
36622 B R,Sample,15/01/2021 19:14:14,Ag 328.068,Ag,u,0.00,-0.01,ppm,21.89,0.01,95.62,9.38,42.84,0.648425,1,5.456952,-,,,,,,,3,0.00,0.00,-0.02,25.74,28.72,11.2,u,u,u
36622 B R,Sample,15/01/2021 19:14:14,Al 308.215,Al,,0.35,2.97,ppm,430.52,0.04,1.49,5.91,1.37,0.648425,1,5.456952,-,,,,,,,3,2.92,3.00,2.99,423.72,434.39,433.45,,,
36622 B R,Sample,15/01/2021 19:14:14,As 188.980,As,u,0.01,0.09,ppm,12.34,0.14,152.35,6.57,53.24,0.648425,1,5.456952,-,,,,,,,3,0.24,0.06,-0.03,19.47,10.99,6.55,,,u
36622 B R,Sample,15/01/2021 19:14:14,As 193.696,As,,0.04,0.30,ppm,19.56,0.12,40.20,5.18,26.46,0.648425,1,5.456952,-,,,,,,,3,0.44,0.25,0.21,25.47,17.39,15.82,,,
36622 B R,Sample,15/01/2021 19:14:14,B 249.772,B,,0.01,0.09,ppm,147.43,0.02,20.05,17.87,12.12,0.648425,1,5.456952,-,,,,,,,3,0.10,0.07,0.09,160.57,127.08,154.63,,,
36622 B R,Sample,15/01/2021 19:14:14,Ca 422.673,Ca,o,63.96,538.31,ppm,294680.2,0.59,0.11,320.15,0.11,0.648425,1,5.456952,-,,,,,,,3,537.74,538.91,538.28,294367.97,295007.71,294664.93,o,o,o
,,,,,,,,,,,,,,,,,,,,,,,,,,,,,,,,,
36623 A R,Sample,15/01/2021 19:15:53,Ag 328.068,Ag,u,0.00,0.00,ppm,28.91,0.01,457.10,12.72,43.99,0.502488,1,5.654621,-,,,,,,,3,0.00,0.01,-0.02,32.32,39.57,14.83,,,u
36623 A R,Sample,15/01/2021 19:15:53,Al 308.215,Al,,2.42,27.19,ppm,2754.3,0.11,0.41,11.22,0.41,0.502488,1,5.654621,-,,,,,,,3,27.14,27.32,27.12,2748.8,2767.21,2746.9,,,
36623 A R,Sample,15/01/2021 19:15:53,As 188.980,As,,0.01,0.11,ppm,11.73,0.05,50.81,1.88,16.05,0.502488,1,5.654621,-,,,,,,,3,0.14,0.13,0.04,13.06,12.56,9.58,,,
36623 A R,Sample,15/01/2021 19:15:53,As 193.696,As,,0.03,0.31,ppm,16.79,0.10,32.62,3.3,19.63,0.502488,1,5.654621,-,,,,,,,3,0.31,0.21,0.41,16.82,13.48,20.07,,,
36623 A R,Sample,15/01/2021 19:15:53,B 249.772,B,,0.04,0.43,ppm,387.92,0.01,2.01,6.61,1.70,0.502488,1,5.654621,-,,,,,,,3,0.43,0.43,0.42,392.64,390.75,380.36,,,
36623 A R,Sample,15/01/2021 19:15:53,Ca 422.673,Ca,,34.49,388.17,ppm,158973.97,3.70,0.95,1512.35,0.95,0.502488,1,5.654621,-,,,,,,,3,384.01,391.08,389.41,157272.54,160165.36,159484.02,,,
,,,,,,,,,,,,,,,,,,,,,,,,,,,,,,,,,
36623 B R,Sample,15/01/2021 19:17:32,Ag 328.068,Ag,u,0.00,-0.02,ppm,15.85,0.01,71.09,11.26,71.01,0.502488,1,4.884254,-,,,,,,,3,0.00,-0.02,-0.02,28.44,6.75,12.37,u,u,u
36623 B R,Sample,15/01/2021 19:17:32,Al 308.215,Al,,2.77,26.96,ppm,3156.58,0.16,0.58,17.99,0.57,0.502488,1,4.884254,-,,,,,,,3,27.05,27.05,26.78,3167.32,3166.6,3135.81,,,
36623 B R,Sample,15/01/2021 19:17:32,As 188.980,As,u,0.04,0.38,ppm,23.34,0.39,104.22,15.96,68.39,0.502488,1,4.884254,-,,,,,,,3,0.42,0.75,-0.04,25.12,38.34,6.56,,,u
36623 B R,Sample,15/01/2021 19:17:32,As 193.696,As,,0.04,0.43,ppm,22.61,0.11,26.54,4.22,18.69,0.502488,1,4.884254,-,,,,,,,3,0.56,0.37,0.35,27.47,20.48,19.87,,,
36623 B R,Sample,15/01/2021 19:17:32,B 249.772,B,,0.04,0.44,ppm,448.93,0.01,1.63,6.36,1.42,0.502488,1,4.884254,-,,,,,,,3,0.43,0.44,0.43,447.87,455.75,443.17,,,
36623 B R,Sample,15/01/2021 19:17:32,Ca 422.673,Ca,,39.80,386.89,ppm,183420.67,1.55,0.40,734.86,0.40,0.502488,1,4.884254,-,,,,,,,3,386.08,388.68,385.91,183035.12,184268.07,182958.81,,,
,,,,,,,,,,,,,,,,,,,,,,,,,,,,,,,,,
36624 A R,Sample,15/01/2021 19:20:49,Ag 328.068,Ag,u,0.00,-0.01,ppm,20.07,0.01,108.77,12.64,62.99,0.686016,1,5.338567,-,,,,,,,3,0.00,-0.02,-0.01,34.49,10.92,14.8,,u,u
36624 A R,Sample,15/01/2021 19:20:49,Al 308.215,Al,,0.12,0.93,ppm,167.74,0.08,8.27,11.11,6.63,0.686016,1,5.338567,-,,,,,,,3,1.01,0.86,0.91,179.75,157.83,165.64,,,
36624 A R,Sample,15/01/2021 19:20:49,As 188.980,As,,0.04,0.28,ppm,22.24,0.19,66.50,9.46,42.51,0.686016,1,5.338567,-,,,,,,,3,0.27,0.47,0.10,21.66,31.98,13.09,,,
36624 A R,Sample,15/01/2021 19:20:49,As 193.696,As,,0.05,0.36,ppm,23.49,0.30,83.05,13.96,59.42,0.686016,1,5.338567,-,,,,,,,3,0.02,0.51,0.55,7.42,30.5,32.56,,,
36624 A R,Sample,15/01/2021 19:20:49,B 249.772,B,,0.01,0.11,ppm,176.85,0.00,0.11,0.13,0.07,0.686016,1,5.338567,-,,,,,,,3,0.11,0.11,0.11,176.99,176.8,176.74,,,
36624 A R,Sample,15/01/2021 19:20:49,Ca 422.673,Ca,o,103.38,804.53,ppm,476193.06,3.14,0.39,1855.76,0.39,0.686016,1,5.338567,-,,,,,,,3,807.18,805.34,801.07,477760.7,476674.45,474144.04,o,o,o
,,,,,,,,,,,,,,,,,,,,,,,,,,,,,,,,,
36624 B R,Sample,15/01/2021 19:22:28,Ag 328.068,Ag,u,0.00,-0.01,ppm,20.05,0.02,187.03,21.77,> 100.00,0.686016,1,5.218823,-,,,,,,,3,-0.01,0.01,-0.02,16.34,43.44,0.38,u,,u
36624 B R,Sample,15/01/2021 19:22:28,Al 308.215,Al,,0.12,0.92,ppm,168.79,0.10,11.43,15.49,9.18,0.686016,1,5.218823,-,,,,,,,3,1.00,0.94,0.80,181.82,172.88,151.66,,,
36624 B R,Sample,15/01/2021 19:22:28,As 188.980,As,,0.04,0.29,ppm,23.2,0.08,25.91,3.93,16.95,0.686016,1,5.218823,-,,,,,,,3,0.38,0.27,0.23,27.6,21.97,20.03,,,
36624 B R,Sample,15/01/2021 19:22:28,As 193.696,As,,0.04,0.34,ppm,22.99,0.04,12.29,2.0,8.72,0.686016,1,5.218823,-,,,,,,,3,0.29,0.37,0.36,20.68,24.31,23.97,,,
36624 B R,Sample,15/01/2021 19:22:28,B 249.772,B,,0.01,0.10,ppm,176.87,0.00,4.57,5.41,3.06,0.686016,1,5.218823,-,,,,,,,3,0.11,0.10,0.10,182.99,174.92,172.7,,,
36624 B R,Sample,15/01/2021 19:22:28,Ca 422.673,Ca,o,105.06,799.21,ppm,483898.12,0.96,0.12,583.74,0.12,0.686016,1,5.218823,-,,,,,,,3,799.49,798.14,800.01,484064.5,483249.26,484380.6,o,o,o
,,,,,,,,,,,,,,,,,,,,,,,,,,,,,,,,,
98690 A (NH4OH),Sample,15/01/2021 20:32:51,Ag 328.068,Ag,u,0.00,-0.03,ppm,25.03,0.01,21.27,1.42,5.66,0.5447,4.5,4.920401,-,,,,,,,3,-0.03,-0.02,-0.02,23.43,25.55,26.11,u,u,u
98690 A (NH4OH),Sample,15/01/2021 20:32:51,Al 308.215,Al,,0.08,3.42,ppm,128.08,0.48,14.02,13.29,10.38,0.5447,4.5,4.920401,-,,,,,,,3,3.41,3.91,2.95,127.7,141.55,114.98,,,
98690 A (NH4OH),Sample,15/01/2021 20:32:51,As 188.980,As,,0.05,1.99,ppm,27.3,1.61,81.03,15.61,57.21,0.5447,4.5,4.920401,-,,,,,,,3,0.80,1.34,3.83,15.8,21.02,45.07,,,
98690 A (NH4OH),Sample,15/01/2021 20:32:51,As 193.696,As,,0.12,4.71,ppm,48.73,1.69,36.01,15.14,31.07,0.5447,4.5,4.920401,-,,,,,,,3,4.12,3.38,6.61,43.52,36.88,65.79,,,
98690 A (NH4OH),Sample,15/01/2021 20:32:51,B 249.772,B,u,0.00,-0.01,ppm,57.04,0.03,531.51,6.66,11.67,0.5447,4.5,4.920401,-,,,,,,,3,0.03,-0.01,-0.04,63.72,57.0,50.4,,u,u
98690 A (NH4OH),Sample,15/01/2021 20:32:51,Ca 422.673,Ca,,11.01,447.37,ppm,50816.87,1.62,0.36,183.66,0.36,0.5447,4.5,4.920401,-,,,,,,,3,449.14,445.95,447.04,51016.67,50655.41,50778.53,,,
,,,,,,,,,,,,,,,,,,,,,,,,,,,,,,,,,
98690 B (NH4OH),Sample,15/01/2021 20:34:30,Ag 328.068,Ag,u,0.00,0.04,ppm,40.08,0.06,163.77,13.74,34.28,0.5075,4.5,5.119765,-,,,,,,,3,0.02,-0.02,0.11,36.97,28.16,55.11,,u,
98690 B (NH4OH),Sample,15/01/2021 20:34:30,Al 308.215,Al,,0.06,2.81,ppm,102.88,0.06,2.29,1.59,1.55,0.5075,4.5,5.119765,-,,,,,,,3,2.87,2.75,2.79,104.61,101.48,102.54,,,
98690 B (NH4OH),Sample,15/01/2021 20:34:30,As 188.980,As,,0.04,1.64,ppm,22.25,1.17,71.17,10.12,45.50,0.5075,4.5,5.119765,-,,,,,,,3,2.96,0.74,1.22,33.7,14.48,18.57,,,
98690 B (NH4OH),Sample,15/01/2021 20:34:30,As 193.696,As,,0.06,2.72,ppm,28.48,1.19,43.82,9.55,33.53,0.5075,4.5,5.119765,-,,,,,,,3,3.08,1.39,3.70,31.35,17.82,36.27,,,
98690 B (NH4OH),Sample,15/01/2021 20:34:30,B 249.772,B,u,0.00,-0.09,ppm,41.13,0.03,30.17,5.18,12.59,0.5075,4.5,5.119765,-,,,,,,,3,-0.08,-0.07,-0.12,42.46,45.51,35.42,u,u,u
98690 B (NH4OH),Sample,15/01/2021 20:34:30,Ca 422.673,Ca,,1.62,73.37,ppm,7580.73,0.13,0.17,13.02,0.17,0.5075,4.5,5.119765,-,,,,,,,3,73.50,73.36,73.24,7594.19,7579.82,7568.19,,,
,,,,,,,,,,,,,,,,,,,,,,,,,,,,,,,,,
98691 A (NH4OH),Sample,15/01/2021 20:37:47,Ag 328.068,Ag,u,0.00,-0.03,ppm,24.16,0.11,311.27,23.44,97.02,0.5289,4.5,5.413651,-,,,,,,,3,-0.12,-0.08,0.09,6.5,15.23,50.75,u,u,
98691 A (NH4OH),Sample,15/01/2021 20:37:47,Al 308.215,Al,,0.03,1.22,ppm,63.23,0.88,72.03,21.56,34.10,0.5289,4.5,5.413651,-,,,,,,,3,1.84,1.61,0.21,78.39,72.75,38.55,,,
98691 A (NH4OH),Sample,15/01/2021 20:37:47,As 188.980,As,,0.02,0.86,ppm,15.36,0.28,32.35,2.37,15.45,0.5289,4.5,5.413651,-,,,,,,,3,0.94,1.09,0.55,16.05,17.32,12.72,,,
98691 A (NH4OH),Sample,15/01/2021 20:37:47,As 193.696,As,,0.07,3.32,ppm,32.88,1.78,53.63,14.05,42.73,0.5289,4.5,5.413651,-,,,,,,,3,3.96,4.70,1.31,37.91,43.72,17.01,,,
98691 A (NH4OH),Sample,15/01/2021 20:37:47,B 249.772,B,u,0.00,-0.11,ppm,38.34,0.03,31.50,6.29,16.40,0.5289,4.5,5.413651,-,,,,,,,3,-0.11,-0.14,-0.07,37.18,32.71,45.12,u,u,u
98691 A (NH4OH),Sample,15/01/2021 20:37:47,Ca 422.673,Ca,,1.99,91.55,ppm,9291.62,0.53,0.58,52.77,0.57,0.5289,4.5,5.413651,-,,,,,,,3,90.98,92.02,91.66,9234.5,9338.54,9301.83,,,
,,,,,,,,,,,,,,,,,,,,,,,,,,,,,,,,,
98691 B (NH4OH),Sample,15/01/2021 20:39:26,Ag 328.068,Ag,u,0.00,-0.03,ppm,23.78,0.09,273.25,21.61,90.88,0.511,4.5,4.908318,-,,,,,,,3,0.07,-0.12,-0.05,46.93,4.13,20.29,,u,u
98691 B (NH4OH),Sample,15/01/2021 20:39:26,Al 308.215,Al,,0.08,3.28,ppm,118.7,0.34,10.43,8.91,7.51,0.511,4.5,4.908318,-,,,,,,,3,2.94,3.27,3.62,109.88,118.52,127.7,,,
98691 B (NH4OH),Sample,15/01/2021 20:39:26,As 188.980,As,,0.02,0.83,ppm,15.59,0.42,50.32,3.81,24.42,0.511,4.5,4.908318,-,,,,,,,3,1.28,0.46,0.75,19.7,12.18,14.89,,,
98691 B (NH4OH),Sample,15/01/2021 20:39:26,As 193.696,As,,0.04,1.89,ppm,22.6,0.80,42.48,6.76,29.91,0.511,4.5,4.908318,-,,,,,,,3,1.37,1.49,2.82,18.18,19.25,30.39,,,
98691 B (NH4OH),Sample,15/01/2021 20:39:26,B 249.772,B,u,0.00,-0.09,ppm,41.11,0.04,41.77,7.18,17.46,0.511,4.5,4.908318,-,,,,,,,3,-0.13,-0.06,-0.07,32.91,46.22,44.21,u,u,u
98691 B (NH4OH),Sample,15/01/2021 20:39:26,Ca 422.673,Ca,,3.51,151.69,ppm,16298.75,0.96,0.63,101.78,0.62,0.511,4.5,4.908318,-,,,,,,,3,150.63,151.95,152.49,16186.03,16326.33,16383.9,,,
,,,,,,,,,,,,,,,,,,,,,,,,,,,,,,,,,
98690 A,Sample,15/01/2021 20:43:01,Ag 328.068,Ag,u,0.00,0.03,ppm,39.37,0.12,375.63,28.84,73.25,0.5057,4.5,4.690566,-,,,,,,,3,0.02,-0.08,0.16,35.34,12.76,70.01,,u,
98690 A,Sample,15/01/2021 20:43:01,Al 308.215,Al,,0.07,3.08,ppm,116.51,0.20,6.60,5.49,4.72,0.5057,4.5,4.690566,-,,,,,,,3,3.02,2.92,3.31,114.72,112.14,122.68,,,
98690 A,Sample,15/01/2021 20:43:01,As 188.980,As,,0.06,2.42,ppm,30.81,0.14,5.71,1.3,4.23,0.5057,4.5,4.690566,-,,,,,,,3,2.31,2.37,2.57,29.82,30.33,32.29,,,
98690 A,Sample,15/01/2021 20:43:01,As 193.696,As,,0.05,2.21,ppm,25.89,0.33,14.88,2.86,11.04,0.5057,4.5,4.690566,-,,,,,,,3,2.20,1.88,2.54,25.87,23.03,28.75,,,
98690 A,Sample,15/01/2021 20:43:01,B 249.772,B,u,0.00,0.00,ppm,57.75,0.03,1315.41,7.19,12.45,0.5057,4.5,4.690566,-,,,,,,,3,0.03,0.00,-0.04,64.55,58.47,50.22,,,u
98690 A,Sample,15/01/2021 20:43:01,Ca 422.673,Ca,,1.80,75.09,ppm,8423.22,0.43,0.57,47.58,0.56,0.5057,4.5,4.690566,-,,,,,,,3,74.82,74.87,75.59,8393.05,8398.55,8478.07,,,
,,,,,,,,,,,,,,,,,,,,,,,,,,,,,,,,,
98690 B,Sample,15/01/2021 20:44:39,Ag 328.068,Ag,u,0.00,0.06,ppm,46.06,0.08,133.02,19.11,41.49,0.5058,4.5,4.791946,-,,,,,,,3,0.05,0.15,-0.01,43.73,66.22,28.21,,,u
98690 B,Sample,15/01/2021 20:44:39,Al 308.215,Al,,0.08,3.36,ppm,121.95,0.60,17.80,15.78,12.94,0.5058,4.5,4.791946,-,,,,,,,3,3.77,2.67,3.63,132.84,103.85,129.16,,,
98690 B,Sample,15/01/2021 20:44:39,As 188.980,As,,0.04,1.81,ppm,24.73,1.07,59.32,9.91,40.07,0.5058,4.5,4.791946,-,,,,,,,3,1.20,1.18,3.05,19.11,18.9,36.17,,,
98690 B,Sample,15/01/2021 20:44:39,As 193.696,As,,0.07,3.15,ppm,33.51,3.31,104.99,28.16,84.04,0.5058,4.5,4.791946,-,,,,,,,3,0.96,6.95,1.53,14.9,65.9,19.72,,,
98690 B,Sample,15/01/2021 20:44:39,B 249.772,B,u,0.00,-0.07,ppm,44.07,0.03,36.69,5.22,11.84,0.5058,4.5,4.791946,-,,,,,,,3,-0.08,-0.04,-0.09,42.89,49.77,39.54,u,u,u
98690 B,Sample,15/01/2021 20:44:39,Ca 422.673,Ca,,1.93,82.15,ppm,9012.01,0.20,0.24,21.49,0.24,0.5058,4.5,4.791946,-,,,,,,,3,82.35,81.95,82.16,9032.88,8989.96,9013.19,,,
,,,,,,,,,,,,,,,,,,,,,,,,,,,,,,,,,
98691 A,Sample,15/01/2021 20:46:18,Ag 328.068,Ag,u,0.00,-0.01,ppm,29.39,0.01,129.71,2.99,10.17,0.5081,4.5,4.780376,-,,,,,,,3,-0.02,0.00,-0.01,26.43,32.41,29.31,u,,u
98691 A,Sample,15/01/2021 20:46:18,Al 308.215,Al,,0.04,1.65,ppm,77.07,0.26,16.00,7.01,9.09,0.5081,4.5,4.780376,-,,,,,,,3,1.92,1.39,1.63,84.33,70.35,76.55,,,
98691 A,Sample,15/01/2021 20:46:18,As 188.980,As,,0.03,1.14,ppm,18.66,0.67,58.49,6.22,33.33,0.5081,4.5,4.780376,-,,,,,,,3,1.92,0.79,0.73,25.83,15.33,14.81,,,
98691 A,Sample,15/01/2021 20:46:18,As 193.696,As,,0.05,2.26,ppm,26.05,0.31,13.75,2.66,10.22,0.5081,4.5,4.780376,-,,,,,,,3,2.02,2.15,2.61,23.98,25.13,29.06,,,
98691 A,Sample,15/01/2021 20:46:18,B 249.772,B,u,0.00,-0.10,ppm,37.01,0.03,32.82,6.99,18.88,0.5081,4.5,4.780376,-,,,,,,,3,-0.14,-0.07,-0.10,29.81,43.76,37.46,u,u,u
98691 A,Sample,15/01/2021 20:46:18,Ca 422.673,Ca,,4.67,197.86,ppm,21659.17,0.58,0.29,62.93,0.29,0.5081,4.5,4.780376,-,,,,,,,3,198.22,198.18,197.20,21697.47,21693.5,21586.55,,,
,,,,,,,,,,,,,,,,,,,,,,,,,,,,,,,,,
98691 B,Sample,15/01/2021 20:47:57,Ag 328.068,Ag,,0.00,0.07,ppm,47.28,0.03,44.73,6.98,14.75,0.5144,4.5,5.175831,-,,,,,,,3,0.03,0.09,0.09,39.24,51.02,51.6,,,
98691 B,Sample,15/01/2021 20:47:57,Al 308.215,Al,,0.02,0.93,ppm,56.39,0.23,24.93,5.76,10.21,0.5144,4.5,5.175831,-,,,,,,,3,0.86,0.74,1.19,54.65,51.7,62.82,,,
98691 B,Sample,15/01/2021 20:47:57,As 188.980,As,u,0.01,0.48,ppm,12.17,0.81,170.34,7.06,58.03,0.5144,4.5,5.175831,-,,,,,,,3,-0.39,0.59,1.23,4.67,13.16,18.69,u,,
98691 B,Sample,15/01/2021 20:47:57,As 193.696,As,,0.06,2.50,ppm,26.72,0.92,36.94,7.4,27.70,0.5144,4.5,5.175831,-,,,,,,,3,3.51,1.70,2.29,34.81,20.29,25.05,,,
98691 B,Sample,15/01/2021 20:47:57,B 249.772,B,u,0.00,-0.07,ppm,44.86,0.06,83.99,11.28,25.15,0.5144,4.5,5.175831,-,,,,,,,3,-0.13,-0.06,-0.02,32.43,47.7,54.45,u,u,u
98691 B,Sample,15/01/2021 20:47:57,Ca 422.673,Ca,,2.25,101.68,ppm,10479.84,0.27,0.27,27.8,0.27,0.5144,4.5,5.175831,-,,,,,,,3,101.90,101.77,101.38,10502.22,10488.59,10448.72,,,
,,,,,,,,,,,,,,,,,,,,,,,,,,,,,,,,,
98690 A (20%),Sample,15/01/2021 20:53:43,Ag 328.068,Ag,u,0.00,-0.01,ppm,27.87,0.04,294.00,11.25,40.36,0.5044,4,4.811723,-,,,,,,,3,0.03,-0.06,-0.01,38.94,16.45,28.21,,u,u
98690 A (20%),Sample,15/01/2021 20:53:43,Al 308.215,Al,,0.09,3.56,ppm,138.42,0.27,7.45,7.83,5.66,0.5044,4,4.811723,-,,,,,,,3,3.73,3.26,3.70,143.36,129.39,142.51,,,
98690 A (20%),Sample,15/01/2021 20:53:43,As 188.980,As,,0.02,0.91,ppm,17.42,0.52,57.11,5.36,30.80,0.5044,4,4.811723,-,,,,,,,3,0.95,0.37,1.41,17.85,11.85,22.55,,,
98690 A (20%),Sample,15/01/2021 20:53:43,As 193.696,As,,0.09,3.53,ppm,40.31,0.88,25.05,8.42,20.89,0.5044,4,4.811723,-,,,,,,,3,4.48,2.73,3.38,49.35,32.69,38.89,,,
98690 A (20%),Sample,15/01/2021 20:53:43,B 249.772,B,u,0.00,-0.05,ppm,47.98,0.06,132.46,13.67,28.48,0.5044,4,4.811723,-,,,,,,,3,-0.10,-0.05,0.02,35.0,46.68,62.24,u,u,
98690 A (20%),Sample,15/01/2021 20:53:43,Ca 422.673,Ca,,3.06,116.62,ppm,14212.04,0.51,0.44,61.5,0.43,0.5044,4,4.811723,-,,,,,,,3,117.19,116.46,116.21,14280.74,14193.26,14162.11,,,
,,,,,,,,,,,,,,,,,,,,,,,,,,,,,,,,,
98690 B (20%),Sample,15/01/2021 20:55:22,Ag 328.068,Ag,,0.00,0.07,ppm,47.79,0.02,34.13,5.49,11.50,0.5044,4,5.439785,-,,,,,,,3,0.07,0.05,0.09,47.65,42.36,53.35,,,
98690 B (20%),Sample,15/01/2021 20:55:22,Al 308.215,Al,,0.08,3.43,ppm,122.87,0.18,5.24,4.69,3.82,0.5044,4,5.439785,-,,,,,,,3,3.38,3.63,3.28,121.5,128.1,119.02,,,
98690 B (20%),Sample,15/01/2021 20:55:22,As 188.980,As,,0.01,0.33,ppm,11.0,0.36,110.82,3.29,29.94,0.5044,4,5.439785,-,,,,,,,3,0.21,0.04,0.73,9.94,8.36,14.69,,,
98690 B (20%),Sample,15/01/2021 20:55:22,As 193.696,As,,0.05,2.12,ppm,24.57,0.96,45.18,8.08,32.89,0.5044,4,5.439785,-,,,,,,,3,1.88,3.18,1.31,22.48,33.5,17.75,,,
98690 B (20%),Sample,15/01/2021 20:55:22,B 249.772,B,u,0.00,-0.05,ppm,47.73,0.04,75.28,7.95,16.65,0.5044,4,5.439785,-,,,,,,,3,-0.05,-0.09,-0.01,48.05,39.63,55.52,u,u,u
98690 B (20%),Sample,15/01/2021 20:55:22,Ca 422.673,Ca,,2.71,116.82,ppm,12608.28,0.32,0.27,34.18,0.27,0.5044,4,5.439785,-,,,,,,,3,116.65,116.62,117.19,12590.02,12587.11,12647.71,,,
,,,,,,,,,,,,,,,,,,,,,,,,,,,,,,,,,
98691 A (20%),Sample,15/01/2021 20:57:01,Ag 328.068,Ag,u,0.00,-0.05,ppm,19.82,0.04,85.91,10.2,51.48,0.5019,4,5.024667,-,,,,,,,3,-0.07,-0.07,0.00,13.53,14.33,31.59,u,u,u
98691 A (20%),Sample,15/01/2021 20:57:01,Al 308.215,Al,,0.08,3.19,ppm,123.11,0.23,7.10,6.38,5.18,0.5019,4,5.024667,-,,,,,,,3,3.05,3.46,3.08,119.04,130.46,119.84,,,
98691 A (20%),Sample,15/01/2021 20:57:01,As 188.980,As,,0.05,1.96,ppm,27.25,0.51,25.89,4.98,18.26,0.5019,4,5.024667,-,,,,,,,3,1.65,1.67,2.54,24.27,24.48,32.99,,,
98691 A (20%),Sample,15/01/2021 20:57:01,As 193.696,As,,0.04,1.42,ppm,19.52,0.28,19.48,2.5,12.81,0.5019,4,5.024667,-,,,,,,,3,1.60,1.54,1.10,21.24,20.68,16.65,,,
98691 A (20%),Sample,15/01/2021 20:57:01,B 249.772,B,u,0.00,-0.04,ppm,48.51,0.03,76.69,7.5,15.46,0.5019,4,5.024667,-,,,,,,,3,-0.06,-0.07,-0.01,45.9,42.66,56.97,u,u,u
98691 A (20%),Sample,15/01/2021 20:57:01,Ca 422.673,Ca,,3.64,145.90,ppm,16915.9,0.55,0.38,63.48,0.38,0.5019,4,5.024667,-,,,,,,,3,145.26,146.20,146.24,16842.66,16949.9,16955.13,,,
,,,,,,,,,,,,,,,,,,,,,,,,,,,,,,,,,
98691 B (20%),Sample,15/01/2021 20:58:39,Ag 328.068,Ag,u,0.00,-0.03,ppm,27.37,0.16,575.79,24.89,90.94,0.5019,4,8.175175,-,,,,,,,3,-0.09,-0.15,0.16,17.17,9.2,55.74,u,u,
98691 B (20%),Sample,15/01/2021 20:58:39,Al 308.215,Al,,0.07,4.29,ppm,107.39,0.16,3.79,2.81,2.62,0.5019,4,8.175175,-,,,,,,,3,4.10,4.39,4.37,104.16,109.26,108.75,,,
98691 B (20%),Sample,15/01/2021 20:58:39,As 188.980,As,,0.03,2.05,ppm,20.42,1.37,66.80,8.28,40.55,0.5019,4,8.175175,-,,,,,,,3,2.98,0.48,2.70,26.01,10.91,24.34,,,
98691 B (20%),Sample,15/01/2021 20:58:39,As 193.696,As,,0.08,5.20,ppm,35.66,1.36,26.21,7.59,21.29,0.5019,4,8.175175,-,,,,,,,3,4.38,4.44,6.77,31.1,31.45,44.42,,,
98691 B (20%),Sample,15/01/2021 20:58:39,B 249.772,B,u,0.00,-0.04,ppm,53.4,0.10,266.66,13.05,24.44,0.5019,4,8.175175,-,,,,,,,3,-0.07,0.07,-0.11,48.47,68.2,43.53,u,,u
98691 B (20%),Sample,15/01/2021 20:58:39,Ca 422.673,Ca,,2.21,143.76,ppm,10298.86,1.16,0.80,81.77,0.79,0.5019,4,8.175175,-,,,,,,,3,142.82,143.39,145.05,10232.97,10273.24,10390.37,,,
,,,,,,,,,,,,,,,,,,,,,,,,,,,,,,,,,
36631 A,Sample,15/01/2021 19:42:17,Ag 328.068,Ag,u,0.00,0.00,ppm,33.22,0.01,772.41,11.78,35.46,0.548476,1,5.112912,-,,,,,,,3,0.01,0.00,-0.01,46.79,27.22,25.64,,u,u
36631 A,Sample,15/01/2021 19:42:17,Al 308.215,Al,,1.47,13.69,ppm,1686.93,0.19,1.36,22.53,1.34,0.548476,1,5.112912,-,,,,,,,3,13.56,13.61,13.90,1671.16,1676.88,1712.74,,,
36631 A,Sample,15/01/2021 19:42:17,As 188.980,As,,0.02,0.20,ppm,16.53,0.09,46.68,3.97,24.02,0.548476,1,5.112912,-,,,,,,,3,0.26,0.25,0.09,19.0,18.64,11.95,,,
36631 A,Sample,15/01/2021 19:42:17,As 193.696,As,,0.05,0.42,ppm,23.09,0.19,45.90,7.53,32.61,0.548476,1,5.112912,-,,,,,,,3,0.36,0.64,0.26,20.75,31.51,17.01,,,
36631 A,Sample,15/01/2021 19:42:17,B 249.772,B,,0.02,0.18,ppm,227.58,0.01,6.45,10.92,4.80,0.548476,1,5.112912,-,,,,,,,3,0.18,0.19,0.17,222.81,240.07,219.85,,,
36631 A,Sample,15/01/2021 19:42:17,Ca 422.673,Ca,,33.84,315.50,ppm,155985.27,1.21,0.38,597.91,0.38,0.548476,1,5.112912,-,,,,,,,3,314.58,315.05,316.87,155530.38,155762.94,156662.5,,,
,,,,,,,,,,,,,,,,,,,,,,,,,,,,,,,,,
36631 B,Sample,15/01/2021 19:43:56,Ag 328.068,Ag,u,0.00,-0.01,ppm,23.16,0.01,98.75,8.42,36.36,0.54597,1,5.001975,-,,,,,,,3,-0.02,0.00,-0.01,14.27,31.02,24.2,u,u,u
36631 B,Sample,15/01/2021 19:43:56,Al 308.215,Al,,1.46,13.37,ppm,1676.69,0.05,0.41,6.68,0.40,0.54597,1,5.001975,-,,,,,,,3,13.43,13.36,13.32,1683.94,1675.38,1670.76,,,
36631 B,Sample,15/01/2021 19:43:56,As 188.980,As,u,0.00,-0.03,ppm,6.57,0.05,161.54,2.36,35.87,0.54597,1,5.001975,-,,,,,,,3,-0.06,0.03,-0.07,5.54,9.26,4.9,u,,u
36631 B,Sample,15/01/2021 19:43:56,As 193.696,As,,0.02,0.19,ppm,14.04,0.15,82.40,6.06,43.18,0.54597,1,5.001975,-,,,,,,,3,0.01,0.29,0.26,7.07,18.08,16.98,,,
36631 B,Sample,15/01/2021 19:43:56,B 249.772,B,,0.03,0.28,ppm,326.69,0.01,3.26,8.76,2.68,0.54597,1,5.001975,-,,,,,,,3,0.29,0.28,0.27,335.34,326.9,317.83,,,
36631 B,Sample,15/01/2021 19:43:56,Ca 422.673,Ca,,34.93,319.98,ppm,160964.67,0.23,0.07,115.37,0.07,0.54597,1,5.001975,-,,,,,,,3,319.74,320.00,320.20,160843.88,160976.41,161073.72,,,
,,,,,,,,,,,,,,,,,,,,,,,,,,,,,,,,,
36632 A,Sample,15/01/2021 19:47:35,Ag 328.068,Ag,u,0.00,0.01,ppm,38.2,0.01,278.10,18.09,47.36,0.595551,1,4.944512,-,,,,,,,3,0.00,0.00,0.02,28.58,26.94,59.06,u,u,
36632 A,Sample,15/01/2021 19:47:35,Al 308.215,Al,,1.17,9.69,ppm,1347.23,0.10,0.99,12.98,0.96,0.595551,1,4.944512,-,,,,,,,3,9.59,9.78,9.70,1333.56,1359.38,1348.76,,,
36632 A,Sample,15/01/2021 19:47:35,As 188.980,As,,0.03,0.24,ppm,19.21,0.13,53.54,5.99,31.18,0.595551,1,4.944512,-,,,,,,,3,0.31,0.09,0.31,22.56,12.3,22.77,,,
36632 A,Sample,15/01/2021 19:47:35,As 193.696,As,,0.04,0.37,ppm,23.01,0.27,73.44,11.99,52.10,0.595551,1,4.944512,-,,,,,,,3,0.61,0.07,0.44,33.38,9.89,25.75,,,
36632 A,Sample,15/01/2021 19:47:35,B 249.772,B,,0.02,0.19,ppm,254.87,0.01,2.79,5.48,2.15,0.595551,1,4.944512,-,,,,,,,3,0.18,0.19,0.18,251.17,261.17,252.27,,,
36632 A,Sample,15/01/2021 19:47:35,Ca 422.673,Ca,,36.63,304.11,ppm,168808.1,1.86,0.61,1031.94,0.61,0.595551,1,4.944512,-,,,,,,,3,301.97,305.11,305.26,167617.42,169363.2,169443.67,,,
,,,,,,,,,,,,,,,,,,,,,,,,,,,,,,,,,
36632 B,Sample,15/01/2021 19:49:14,Ag 328.068,Ag,u,0.00,0.00,ppm,29.56,0.00,242.25,5.16,17.46,0.594057,1,5.372566,-,,,,,,,3,0.00,-0.01,0.00,34.43,24.15,30.1,,u,u
36632 B,Sample,15/01/2021 19:49:14,Al 308.215,Al,,0.89,8.07,ppm,1037.74,0.14,1.74,17.45,1.68,0.594057,1,5.372566,-,,,,,,,3,8.13,7.91,8.16,1045.82,1017.72,1049.68,,,
36632 B,Sample,15/01/2021 19:49:14,As 188.980,As,,0.01,0.12,ppm,13.09,0.08,71.82,3.64,27.78,0.594057,1,5.372566,-,,,,,,,3,0.03,0.13,0.19,9.25,13.53,16.48,,,
36632 B,Sample,15/01/2021 19:49:14,As 193.696,As,,0.03,0.25,ppm,16.59,0.23,92.40,9.15,55.17,0.594057,1,5.372566,-,,,,,,,3,0.22,0.03,0.49,15.57,8.0,26.22,,,
36632 B,Sample,15/01/2021 19:49:14,B 249.772,B,,0.01,0.13,ppm,185.62,0.01,5.29,6.74,3.63,0.594057,1,5.372566,-,,,,,,,3,0.14,0.13,0.13,193.1,180.03,183.71,,,
36632 B,Sample,15/01/2021 19:49:14,Ca 422.673,Ca,,28.21,255.08,ppm,130016.01,1.12,0.44,572.22,0.44,0.594057,1,5.372566,-,,,,,,,3,254.40,254.47,256.38,129667.36,129704.26,130676.4,,,
,,,,,,,,,,,,,,,,,,,,,,,,,,,,,,,,,
36633 A,Sample,15/01/2021 19:54:33,Ag 328.068,Ag,u,0.00,0.00,ppm,38.38,0.01,174.48,11.67,30.41,0.689402,1,5.00156,-,,,,,,,3,0.00,0.01,0.00,28.11,51.07,35.96,u,,
36633 A,Sample,15/01/2021 19:54:33,Al 308.215,Al,,0.04,0.26,ppm,73.18,0.02,7.00,2.79,3.81,0.689402,1,5.00156,-,,,,,,,3,0.24,0.25,0.28,70.88,72.37,76.29,,,
36633 A,Sample,15/01/2021 19:54:33,As 188.980,As,u,0.00,0.03,ppm,9.92,0.06,185.67,3.52,35.45,0.689402,1,5.00156,-,,,,,,,3,0.11,0.00,0.00,13.98,7.83,7.94,,u,u
36633 A,Sample,15/01/2021 19:54:33,As 193.696,As,,0.01,0.08,ppm,10.7,0.05,59.86,2.4,22.45,0.689402,1,5.00156,-,,,,,,,3,0.03,0.12,0.10,7.97,12.51,11.61,,,
36633 A,Sample,15/01/2021 19:54:33,B 249.772,B,,0.01,0.06,ppm,135.4,0.01,15.34,11.83,8.74,0.689402,1,5.00156,-,,,,,,,3,0.07,0.05,0.07,144.34,121.98,139.87,,,
36633 A,Sample,15/01/2021 19:54:33,Ca 422.673,Ca,,29.04,210.66,ppm,133847.43,0.74,0.35,467.45,0.35,0.689402,1,5.00156,-,,,,,,,3,209.89,211.36,210.73,133359.47,134291.24,133891.59,,,
,,,,,,,,,,,,,,,,,,,,,,,,,,,,,,,,,
36633 B,Sample,15/01/2021 19:56:11,Ag 328.068,Ag,u,0.00,0.01,ppm,39.43,0.01,257.15,19.89,50.46,0.691185,1,4.870153,-,,,,,,,3,0.02,0.01,-0.01,53.96,47.57,16.75,,,u
36633 B,Sample,15/01/2021 19:56:11,Al 308.215,Al,,0.04,0.31,ppm,82.17,0.23,76.74,37.51,45.65,0.691185,1,4.870153,-,,,,,,,3,0.17,0.58,0.18,59.75,125.47,61.29,,,
36633 B,Sample,15/01/2021 19:56:11,As 188.980,As,u,0.00,-0.02,ppm,7.01,0.13,719.73,7.34,> 100.00,0.691185,1,4.870153,-,,,,,,,3,0.13,-0.08,-0.10,15.46,3.29,2.27,,u,u
36633 B,Sample,15/01/2021 19:56:11,As 193.696,As,u,0.01,0.05,ppm,9.47,0.08,139.50,3.88,40.98,0.691185,1,4.870153,-,,,,,,,3,0.14,0.00,0.02,13.88,6.62,7.89,,u,
36633 B,Sample,15/01/2021 19:56:11,B 249.772,B,,0.01,0.10,ppm,186.68,0.01,9.93,12.75,6.83,0.691185,1,4.870153,-,,,,,,,3,0.12,0.10,0.10,201.2,181.57,177.28,,,
36633 B,Sample,15/01/2021 19:56:11,Ca 422.673,Ca,,30.88,217.56,ppm,142318.84,1.21,0.56,792.52,0.56,0.691185,1,4.870153,-,,,,,,,3,218.91,216.56,217.22,143199.73,141663.66,142093.12,,,
,,,,,,,,,,,,,,,,,,,,,,,,,,,,,,,,,
90124 A,Sample,15/01/2021 19:57:49,Ag 328.068,Ag,u,0.00,-0.58,ppm,19.96,0.73,126.34,14.83,74.29,0.0456,5,4.504042,-,,,,,,,3,-1.37,0.06,-0.42,3.78,32.89,23.2,u,,u
90124 A,Sample,15/01/2021 19:57:49,Al 308.215,Al,,15.51,7657.59,ppm,17494.39,17.90,0.23,40.82,0.23,0.0456,5,4.504042,-,,,,,,,3,7648.79,7645.78,7678.18,17474.33,17467.48,17541.36,,,
90124 A,Sample,15/01/2021 19:57:49,As 188.980,As,,0.04,18.05,ppm,22.41,12.14,67.22,9.67,43.15,0.0456,5,4.504042,-,,,,,,,3,28.65,20.70,4.82,30.86,24.52,11.86,,,
90124 A,Sample,15/01/2021 19:57:49,As 193.696,As,,0.02,10.90,ppm,14.7,2.33,21.40,1.72,11.67,0.0456,5,4.504042,-,,,,,,,3,10.58,13.38,8.74,14.47,16.52,13.11,,,
90124 A,Sample,15/01/2021 19:57:49,B 249.772,B,,0.09,43.92,ppm,833.55,0.56,1.28,9.9,1.19,0.0456,5,4.504042,-,,,,,,,3,43.49,43.71,44.55,826.06,829.82,844.78,,,
90124 A,Sample,15/01/2021 19:57:49,Ca 422.673,Ca,o,147.53,72857.58,ppm,679454.59,705.75,0.97,6580.32,0.97,0.0456,5,4.504042,-,,,,,,,3,72299.86,72621.86,73651.02,674254.47,677256.76,686852.53,o,o,o
,,,,,,,,,,,,,,,,,,,,,,,,,,,,,,,,,
90124 B,Sample,15/01/2021 19:59:28,Ag 328.068,Ag,u,0.00,0.09,ppm,33.41,0.81,948.00,16.33,48.87,0.0444,5,4.427345,-,,,,,,,3,0.99,-0.58,-0.16,51.63,20.08,28.53,,u,u
90124 B,Sample,15/01/2021 19:59:28,Al 308.215,Al,,18.48,9213.78,ppm,20844.39,35.72,0.39,80.68,0.39,0.0444,5,4.427345,-,,,,,,,3,9172.74,9230.72,9237.88,20751.69,20882.65,20898.82,,,
90124 B,Sample,15/01/2021 19:59:28,As 188.980,As,,0.04,21.89,ppm,25.31,6.64,30.32,5.24,20.70,0.0444,5,4.427345,-,,,,,,,3,29.55,18.24,17.88,31.35,22.42,22.14,,,
90124 B,Sample,15/01/2021 19:59:28,As 193.696,As,,0.02,7.94,ppm,12.47,1.71,21.51,1.24,9.98,0.0444,5,4.427345,-,,,,,,,3,6.54,7.43,9.84,11.45,12.1,13.85,,,
90124 B,Sample,15/01/2021 19:59:28,B 249.772,B,,0.10,48.81,ppm,911.75,0.28,0.58,4.95,0.54,0.0444,5,4.427345,-,,,,,,,3,48.74,48.57,49.12,910.5,907.55,917.21,,,
90124 B,Sample,15/01/2021 19:59:28,Ca 422.673,Ca,o,161.65,80592.88,ppm,744477.95,312.10,0.39,2882.46,0.39,0.0444,5,4.427345,-,,,,,,,3,80286.49,80910.39,80581.77,741648.2,747410.37,744375.27,o,o,o
,,,,,,,,,,,,,,,,,,,,,,,,,,,,,,,,,
36629 A,Sample,15/01/2021 20:04:34,Ag 328.068,Ag,u,0.00,0.01,ppm,35.1,0.02,175.63,5.99,17.07,0.8178,5,4.407257,-,,,,,,,3,0.02,0.02,-0.01,39.43,37.61,28.26,,,u
36629 A,Sample,15/01/2021 20:04:34,Al 308.215,Al,,11.38,306.72,ppm,12851.83,1.22,0.40,51.06,0.40,0.8178,5,4.407257,-,,,,,,,3,307.93,305.49,306.75,12902.31,12800.21,12852.97,,,
36629 A,Sample,15/01/2021 20:04:34,As 188.980,As,,0.02,0.55,ppm,16.12,0.44,79.47,6.43,39.91,0.8178,5,4.407257,-,,,,,,,3,0.59,0.98,0.10,16.6,22.3,9.46,,,
36629 A,Sample,15/01/2021 20:04:34,As 193.696,As,,0.04,1.05,ppm,20.82,0.16,15.03,2.13,10.21,0.8178,5,4.407257,-,,,,,,,3,0.89,1.20,1.06,18.64,22.88,20.95,,,
36629 A,Sample,15/01/2021 20:04:34,B 249.772,B,,0.06,1.61,ppm,580.69,0.04,2.73,14.28,2.46,0.8178,5,4.407257,-,,,,,,,3,1.65,1.63,1.56,591.33,586.28,564.46,,,
36629 A,Sample,15/01/2021 20:04:34,Ca 422.673,Ca,o,148.84,4010.66,ppm,685515.95,50.09,1.25,8559.01,1.25,0.8178,5,4.407257,-,,,,,,,3,3975.53,4068.01,3988.45,679511.47,695316.46,681719.93,o,o,o
,,,,,,,,,,,,,,,,,,,,,,,,,,,,,,,,,
36629 B,Sample,15/01/2021 20:06:12,Ag 328.068,Ag,u,0.00,-0.02,ppm,26.33,0.01,71.40,3.83,14.55,0.8524,5,4.862751,-,,,,,,,3,-0.03,-0.01,-0.01,22.11,27.27,29.6,u,u,u
36629 B,Sample,15/01/2021 20:06:12,Al 308.215,Al,,9.81,279.81,ppm,11080.3,0.89,0.32,35.03,0.32,0.8524,5,4.862751,-,,,,,,,3,279.59,280.79,279.05,11071.62,11118.85,11050.42,,,
36629 B,Sample,15/01/2021 20:06:12,As 188.980,As,,0.04,1.24,ppm,25.1,0.45,36.67,6.26,24.95,0.8524,5,4.862751,-,,,,,,,3,1.70,0.80,1.21,31.53,19.02,24.74,,,
36629 B,Sample,15/01/2021 20:06:12,As 193.696,As,,0.03,0.78,ppm,16.65,0.41,52.40,5.22,31.37,0.8524,5,4.862751,-,,,,,,,3,0.32,1.10,0.92,10.77,20.74,18.46,,,
36629 B,Sample,15/01/2021 20:06:12,B 249.772,B,,0.05,1.43,ppm,496.03,0.01,0.68,2.97,0.60,0.8524,5,4.862751,-,,,,,,,3,1.43,1.44,1.42,496.29,498.86,492.93,,,
36629 B,Sample,15/01/2021 20:06:12,Ca 422.673,Ca,o,126.49,3607.96,ppm,582588.16,15.62,0.43,2522.07,0.43,0.8524,5,4.862751,-,,,,,,,3,3625.95,3600.19,3597.75,585491.48,581333.65,580939.34,o,o,o
,,,,,,,,,,,,,,,,,,,,,,,,,,,,,,,,,
36630 A,Sample,15/01/2021 20:07:51,Ag 328.068,Ag,,0.00,0.05,ppm,46.74,0.02,52.64,7.92,16.95,0.7558,5,4.631308,-,,,,,,,3,0.03,0.04,0.07,39.97,44.8,55.46,,,
36630 A,Sample,15/01/2021 20:07:51,Al 308.215,Al,,8.66,265.36,ppm,9786.61,1.93,0.73,70.83,0.72,0.7558,5,4.631308,-,,,,,,,3,267.58,264.24,264.25,9868.39,9745.66,9745.77,,,
36630 A,Sample,15/01/2021 20:07:51,As 188.980,As,,0.07,2.04,ppm,34.22,0.03,1.61,0.42,1.24,0.7558,5,4.631308,-,,,,,,,3,2.04,2.00,2.07,34.28,33.76,34.6,,,
36630 A,Sample,15/01/2021 20:07:51,As 193.696,As,,0.06,1.71,ppm,26.94,0.20,11.53,2.34,8.67,0.7558,5,4.631308,-,,,,,,,3,1.90,1.71,1.51,29.27,26.96,24.6,,,
36630 A,Sample,15/01/2021 20:07:51,B 249.772,B,,0.09,2.67,ppm,818.75,0.02,0.81,6.16,0.75,0.7558,5,4.631308,-,,,,,,,3,2.69,2.67,2.65,824.78,819.0,812.48,,,
36630 A,Sample,15/01/2021 20:07:51,Ca 422.673,Ca,o,63.56,1947.41,ppm,292820.5,13.55,0.70,2036.7,0.70,0.7558,5,4.631308,-,,,,,,,3,1953.14,1957.16,1931.94,293681.62,294285.18,290494.68,o,o,o
,,,,,,,,,,,,,,,,,,,,,,,,,,,,,,,,,
36630 B,Sample,15/01/2021 20:09:30,Ag 328.068,Ag,u,0.00,-0.01,ppm,28.5,0.04,409.84,13.06,45.82,0.7717,5,4.517659,-,,,,,,,3,0.01,0.01,-0.05,35.7,36.38,13.43,,,u
36630 B,Sample,15/01/2021 20:09:30,Al 308.215,Al,,10.03,293.69,ppm,11332.24,1.22,0.42,47.1,0.42,0.7717,5,4.517659,-,,,,,,,3,292.28,294.44,294.35,11277.9,11361.19,11357.63,,,
36630 B,Sample,15/01/2021 20:09:30,As 188.980,As,,0.06,1.68,ppm,30.59,0.78,46.61,10.52,34.38,0.7717,5,4.517659,-,,,,,,,3,0.86,2.42,1.75,19.61,40.57,31.6,,,
36630 B,Sample,15/01/2021 20:09:30,As 193.696,As,,0.06,1.87,ppm,29.84,0.65,35.10,8.13,27.23,0.7717,5,4.517659,-,,,,,,,3,1.22,1.84,2.53,21.86,29.56,38.11,,,
36630 B,Sample,15/01/2021 20:09:30,B 249.772,B,,0.10,2.89,ppm,918.54,0.04,1.34,11.57,1.26,0.7717,5,4.517659,-,,,,,,,3,2.85,2.90,2.92,905.66,921.94,928.03,,,
36630 B,Sample,15/01/2021 20:09:30,Ca 422.673,Ca,o,71.43,2090.68,ppm,329033.43,9.78,0.47,1538.96,0.47,0.7717,5,4.517659,-,,,,,,,3,2083.66,2101.85,2086.52,327929.65,330791.41,328379.24,o,o,o
,,,,,,,,,,,,,,,,,,,,,,,,,,,,,,,,,
36631 AR,Sample,15/01/2021 20:12:48,Ag 328.068,Ag,u,0.00,0.00,ppm,30.62,0.02,1722.45,18.46,60.30,0.53598,1,4.917577,-,,,,,,,3,-0.01,-0.01,0.02,21.29,18.68,51.88,u,u,
36631 AR,Sample,15/01/2021 20:12:48,Al 308.215,Al,,1.65,15.14,ppm,1891.46,0.22,1.43,26.58,1.41,0.53598,1,4.917577,-,,,,,,,3,14.89,15.31,15.22,1861.43,1911.96,1900.99,,,
36631 AR,Sample,15/01/2021 20:12:48,As 188.980,As,,0.02,0.15,ppm,14.29,0.03,18.03,1.13,7.91,0.53598,1,4.917577,-,,,,,,,3,0.14,0.17,0.12,14.22,15.46,13.2,,,
36631 AR,Sample,15/01/2021 20:12:48,As 193.696,As,,0.02,0.15,ppm,12.65,0.05,31.92,1.9,15.05,0.53598,1,4.917577,-,,,,,,,3,0.11,0.21,0.13,11.22,14.81,11.92,,,
36631 AR,Sample,15/01/2021 20:12:48,B 249.772,B,,0.02,0.19,ppm,242.51,0.00,1.37,2.52,1.04,0.53598,1,4.917577,-,,,,,,,3,0.19,0.20,0.20,239.61,244.17,243.76,,,
36631 AR,Sample,15/01/2021 20:12:48,Ca 422.673,Ca,,36.91,338.66,ppm,170105.13,2.57,0.76,1290.45,0.76,0.53598,1,4.917577,-,,,,,,,3,335.79,339.43,340.76,168665.69,170491.29,171158.41,,,
,,,,,,,,,,,,,,,,,,,,,,,,,,,,,,,,,
36631 BR,Sample,15/01/2021 20:14:27,Ag 328.068,Ag,u,0.00,0.00,ppm,34.46,0.00,176.83,4.9,14.23,0.53598,1,4.714964,-,,,,,,,3,0.01,0.00,0.00,40.13,31.77,31.5,,,u
36631 BR,Sample,15/01/2021 20:14:27,Al 308.215,Al,,1.06,9.32,ppm,1225.94,0.11,1.22,14.59,1.19,0.53598,1,4.714964,-,,,,,,,3,9.24,9.27,9.45,1215.6,1219.58,1242.63,,,
36631 BR,Sample,15/01/2021 20:14:27,As 188.980,As,u,0.00,0.03,ppm,9.15,0.03,131.40,1.48,16.22,0.53598,1,4.714964,-,,,,,,,3,0.06,0.02,0.00,10.78,8.82,7.86,,,u
36631 BR,Sample,15/01/2021 20:14:27,As 193.696,As,,0.02,0.16,ppm,13.34,0.04,25.96,1.73,12.95,0.53598,1,4.714964,-,,,,,,,3,0.21,0.12,0.15,15.19,11.77,13.06,,,
36631 BR,Sample,15/01/2021 20:14:27,B 249.772,B,,0.01,0.12,ppm,173.62,0.01,8.80,10.15,5.85,0.53598,1,4.714964,-,,,,,,,3,0.12,0.11,0.13,173.84,163.36,183.66,,,
36631 BR,Sample,15/01/2021 20:14:27,Ca 422.673,Ca,,23.29,204.91,ppm,107398.75,0.83,0.41,434.96,0.40,0.53598,1,4.714964,-,,,,,,,3,203.95,205.37,205.41,106896.61,107640.45,107659.18,,,
,,,,,,,,,,,,,,,,,,,,,,,,,,,,,,,,,
36632 AR,Sample,15/01/2021 20:16:05,Ag 328.068,Ag,u,0.00,0.00,ppm,34.15,0.02,812.63,20.0,58.57,0.594974,1,5.04443,-,,,,,,,3,0.00,-0.01,0.02,26.4,19.18,56.87,u,u,
36632 AR,Sample,15/01/2021 20:16:05,Al 308.215,Al,,1.19,10.06,ppm,1369.26,0.02,0.20,2.63,0.19,0.594974,1,5.04443,-,,,,,,,3,10.07,10.04,10.07,1370.9,1366.23,1370.65,,,
36632 AR,Sample,15/01/2021 20:16:05,As 188.980,As,,0.03,0.22,ppm,18.43,0.18,78.74,8.19,44.46,0.594974,1,5.04443,-,,,,,,,3,0.12,0.12,0.43,13.59,13.81,27.89,,,
36632 AR,Sample,15/01/2021 20:16:05,As 193.696,As,,0.06,0.48,ppm,27.45,0.24,49.29,10.23,37.28,0.594974,1,5.04443,-,,,,,,,3,0.75,0.40,0.30,38.95,24.02,19.37,,,
36632 AR,Sample,15/01/2021 20:16:05,B 249.772,B,,0.02,0.15,ppm,215.44,0.00,1.14,1.79,0.83,0.594974,1,5.04443,-,,,,,,,3,0.15,0.15,0.15,216.36,216.58,213.37,,,
36632 AR,Sample,15/01/2021 20:16:05,Ca 422.673,Ca,,35.59,301.76,ppm,164027.23,1.52,0.50,825.18,0.50,0.594974,1,5.04443,-,,,,,,,3,303.41,301.45,300.42,164923.85,163858.15,163299.69,,,
,,,,,,,,,,,,,,,,,,,,,,,,,,,,,,,,,
36632 BR,Sample,15/01/2021 20:17:43,Ag 328.068,Ag,u,0.00,-0.01,ppm,21.32,0.00,29.16,3.02,14.19,0.594974,1,4.919461,-,,,,,,,3,-0.01,-0.01,-0.01,19.82,24.8,19.33,u,u,u
36632 BR,Sample,15/01/2021 20:17:43,Al 308.215,Al,,1.22,10.07,ppm,1404.19,0.15,1.48,20.26,1.44,0.594974,1,4.919461,-,,,,,,,3,10.07,9.91,10.21,1405.23,1383.43,1423.92,,,
36632 BR,Sample,15/01/2021 20:17:43,As 188.980,As,u,0.01,0.06,ppm,11.08,0.12,190.76,5.83,52.59,0.594974,1,4.919461,-,,,,,,,3,0.16,0.11,-0.07,15.44,13.34,4.46,,,u
36632 BR,Sample,15/01/2021 20:17:43,As 193.696,As,,0.03,0.22,ppm,16.35,0.11,51.00,4.93,30.15,0.594974,1,4.919461,-,,,,,,,3,0.35,0.13,0.18,21.93,12.6,14.51,,,
36632 BR,Sample,15/01/2021 20:17:43,B 249.772,B,,0.02,0.15,ppm,218.93,0.01,6.71,10.78,4.92,0.594974,1,4.919461,-,,,,,,,3,0.16,0.16,0.14,225.62,224.67,206.49,,,
36632 BR,Sample,15/01/2021 20:17:43,Ca 422.673,Ca,,36.20,299.31,ppm,166824.99,1.98,0.66,1102.97,0.66,0.594974,1,4.919461,-,,,,,,,3,299.10,301.38,297.44,166709.96,167980.97,165784.03,,,
,,,,,,,,,,,,,,,,,,,,,,,,,,,,,,,,,
36633 AR,Sample,15/01/2021 20:21:00,Ag 328.068,Ag,u,0.00,0.00,ppm,29.68,0.01,463.30,9.32,31.41,0.68826,1,4.848091,-,,,,,,,3,0.01,-0.01,0.00,39.55,21.03,28.46,,u,u
36633 AR,Sample,15/01/2021 20:21:00,Al 308.215,Al,,0.04,0.27,ppm,75.79,0.04,16.65,7.07,9.33,0.68826,1,4.848091,-,,,,,,,3,0.29,0.29,0.21,80.22,79.52,67.63,,,
36633 AR,Sample,15/01/2021 20:21:00,As 188.980,As,,0.03,0.19,ppm,18.67,0.10,50.81,5.41,28.97,0.68826,1,4.848091,-,,,,,,,3,0.08,0.25,0.24,12.44,22.15,21.43,,,
36633 AR,Sample,15/01/2021 20:21:00,As 193.696,As,u,0.00,-0.02,ppm,5.42,0.08,343.76,4.34,80.07,0.68826,1,4.848091,-,,,,,,,3,-0.04,-0.10,0.07,4.66,1.51,10.1,u,u,
36633 AR,Sample,15/01/2021 20:21:00,B 249.772,B,,0.01,0.09,ppm,163.53,0.01,8.61,9.06,5.54,0.68826,1,4.848091,-,,,,,,,3,0.08,0.08,0.09,162.07,155.28,173.22,,,
36633 AR,Sample,15/01/2021 20:21:00,Ca 422.673,Ca,,30.14,212.30,ppm,138922.47,0.62,0.29,405.15,0.29,0.68826,1,4.848091,-,,,,,,,3,212.00,211.89,213.01,138725.06,138653.84,139388.49,,,
,,,,,,,,,,,,,,,,,,,,,,,,,,,,,,,,,
36633 BR,Sample,15/01/2021 20:22:38,Ag 328.068,Ag,u,0.00,0.00,ppm,31.25,0.01,4408.39,19.43,62.16,0.68826,1,4.828564,-,,,,,,,3,-0.02,0.00,0.01,9.68,36.71,47.36,u,,
36633 BR,Sample,15/01/2021 20:22:38,Al 308.215,Al,,0.04,0.31,ppm,82.57,0.05,14.89,7.34,8.88,0.68826,1,4.828564,-,,,,,,,3,0.27,0.36,0.29,76.82,90.83,80.06,,,
36633 BR,Sample,15/01/2021 20:22:38,As 188.980,As,,0.03,0.23,ppm,20.73,0.07,29.73,3.78,18.22,0.68826,1,4.828564,-,,,,,,,3,0.19,0.19,0.30,18.65,18.45,25.09,,,
36633 BR,Sample,15/01/2021 20:22:38,As 193.696,As,u,0.01,0.08,ppm,10.59,0.14,180.33,7.04,66.49,0.68826,1,4.828564,-,,,,,,,3,0.22,0.05,-0.05,18.16,9.38,4.23,,,u
36633 BR,Sample,15/01/2021 20:22:38,B 249.772,B,,0.01,0.08,ppm,153.51,0.00,3.58,3.41,2.22,0.68826,1,4.828564,-,,,,,,,3,0.08,0.07,0.08,152.5,150.72,157.32,,,
36633 BR,Sample,15/01/2021 20:22:38,Ca 422.673,Ca,,30.43,213.46,ppm,140242.34,0.42,0.20,278.86,0.20,0.68826,1,4.828564,-,,,,,,,3,212.97,213.62,213.77,139925.28,140352.25,140449.5,,,
,,,,,,,,,,,,,,,,,,,,,,,,,,,,,,,,,
